USE [Eventmandb]
GO
SET IDENTITY_INSERT [dbo].[MemberType] ON 

INSERT [dbo].[MemberType] ([Id], [Type], [Description]) VALUES (1, N'OCM', N'Just a Member')
INSERT [dbo].[MemberType] ([Id], [Type], [Description]) VALUES (2, N'Chair', N'chair member')
INSERT [dbo].[MemberType] ([Id], [Type], [Description]) VALUES (3, N'Scientific Advisor', N'Scientific Advisor')
SET IDENTITY_INSERT [dbo].[MemberType] OFF
SET IDENTITY_INSERT [dbo].[Venue] ON 

INSERT [dbo].[Venue] ([Id], [Name], [Description], [Telephone], [Address], [latitude], [longitude]) VALUES (2, N'Dubai', N'Dubai is a city within the United Arab Emirates, placed within the emirate. The emirate of dubai is found on the southeast coast of the Persian Gulf and has the largest population within the UAE (2,106,177) and therefore the second-largest land territory by area (4,114 km2) after Abu Dhabi. Abu Dhabi and Dubai are the only 2 emirates to possess veto power over essential matters of national importance within the country''s legislature. The city of Dubai is found on the emirate''s northern lineation and heads up the Dubai-Sharjah-Ajman metropolitan space. As of 2012, Dubai was the 22nd most expensive city in the world and the most expensive city in the Middle East. Dubai was rated as one of the best places to live in the Middle East by U.S. global consulting firm Mercer There square measure 52 establishments in Dubai that supply higher education programs, and they are classified into 3 categories; federal institutions, institutions within the Free Zones and establishments outside the Free Zones. the foremost popular field of study among students in Dubai is Business (42% of students), followed by Society, Law and religion (19%).', N'+441315104271', N'Roda Al Bustan,Casablanca St.Al Garhoud Road, P.O.Box 30880, Dubai, UAE', 25.247954, 55.345317)
SET IDENTITY_INSERT [dbo].[Venue] OFF
SET IDENTITY_INSERT [dbo].[Conference] ON 

INSERT [dbo].[Conference] ([Id], [Name], [Description], [ShortDescription], [Active], [FK_VenueId], [startDt], [endDt], [brochure], [SpeakerList], [shortImageUrl], [DisplayId], [ConfEmail]) VALUES (8, N'Global summit on Nursing and medical devices expo', N'Nursing is the protection, promotion, and optimization of health and abilities, prevention of illness and injury, through the diagnosis and treatment of humans. Nursing practice is both a science and an art. It requires scientific skill yet demands a strong background in the social sciences and humanities. Nursing makes a significant contribution to the health maintenance, health promotion and well-being of individuals, local communities and populations. A major challenge for current and future nursing practice, education and management is to address health for all and work towards equity and access to health care. Nursing Conference aims to explore advances in nursing practice, management and education in relation to health disparities as well as a breadth of other topics. WNC will provide an opportunity for nursing practitioners and educators to exchange research evidence, models of best practice and innovative ideas. Nursing Conference aims to discover advances in health practice, management and education in relation to health disparities as well as a breadth of other topics. The conference will facilitate a series of discussions about state-of-the-art processes, organizational transitions, analytics, and technology innovation within the health industry and academia, regarding transformational care delivery and health management models. The conference experience is for anyone involved in the delivery, development and organization of nursing, midwifery and healthcare education, as well as those who actively engage in participating in educational programs. The conference, particularly welcomes contribution from faculty, nursing and midwifery educationalists, academic administrators, senior education managers, practitioners, researchers and students. Nursing Conference aims to discover advances in health practice, management and education in relation to health disparities as well as a breadth of other topics. According to the reports, total health care spending of France is 9.7% of GDP according to 2014 and estimated to increase of 10.5% by 2017. Health care expenditure of Europe is $152.2 billion and expected to increase to $180.8 billion by 2018.', N'Nursing Advancing and Leading in Global Health', 0, 2, CAST(N'2018-04-16T00:00:00.000' AS DateTime), CAST(N'2018-04-18T00:00:00.000' AS DateTime), N'c1_b1.docx', NULL, N'f19091d3-2a07-454b-8ae3-62daa953bfc1_2.jpg', N'Nursing_medical_devices_and_expo', N'nursing@scientificcognizance.com')
INSERT [dbo].[Conference] ([Id], [Name], [Description], [ShortDescription], [Active], [FK_VenueId], [startDt], [endDt], [brochure], [SpeakerList], [shortImageUrl], [DisplayId], [ConfEmail]) VALUES (9, N'Global Summit on Otolaryngology And Rhinology', N'Otolaryngology is a combined study of Otology and Rhinology or Ear, Nose and Throat. The Otolaryngology diseases can affect some of our most important senses, including hearing, smell and taste. As hearing and speech are important aspects of human development and this conference may offers a comprehensive otolaryngology study and the recent development and research in this area. “Cochlear Implants” & “Endoscopic sinus surgery” are the biggest recent development enabling deaf to gain sense of hearing and the surgery for Sino-nasal problems. Otolaryngology Conference provides the excellent opportunity to meet experts, exchange information, and strengthen the collaboration among Researchers from both academia and industry. Otolaryngology is an event designed in a way to provide an exclusive platform for new researchers, scholars, physicians, ENT surgeons, students and educators to present and discuss the most recent innovations, trends, and concerns, practical challenges encountered and the solutions adopted in the concerned field. ', N'Advanced Research and Clinical Aspects in Otolaryngology', 0, 2, CAST(N'2018-04-16T00:00:00.000' AS DateTime), CAST(N'2018-04-18T00:00:00.000' AS DateTime), N'c1_b1.docx', NULL, N'c7cf727e-4b93-4273-b731-bf15a59dc31b_1.jpg', N'Otolaryngology_and_Rhinology', N'otolaryngology@scientificcognizance.com')
INSERT [dbo].[Conference] ([Id], [Name], [Description], [ShortDescription], [Active], [FK_VenueId], [startDt], [endDt], [brochure], [SpeakerList], [shortImageUrl], [DisplayId], [ConfEmail]) VALUES (10, N'Global Congress and Expo on Vaccine and Vaccination Techniques', N'Cognizance Scientific warmly welcomes all participants across the globe to attend Global Congress on Vaccine and Vaccination Techniques is going to be held at Dubai, during April 16-18,2018. Vaccine congress is mainly focused on “Vaccines research and Advance approach towards vaccination techniques for global cause” and its agenda is to produce high quality current research and best practices highlighted keynote presentations, oral and posters abstracts.[split]  Vaccine congress gathers diverse disciplines involved in the research and development of vaccines and associated technologies for disease control through immunization. This global platform brings experts, Scientists, research scholars, academic and industry professionals to explore their work and enhance their skills for the improvement of our Scientific Community. Cognizance Scientific also provides an international exposure for young researchers and scholars through their research work by meeting expertise within the field of vaccines and enhancing their knowledge. The Conference comprises with symposium, workshops, Exhibitions, Young research forum, Poster sessions, renowned speakers and eminent keynote presentations. The global vaccines market is expected to grasp USD 48.03 Billion by 2021 from USD 32.24 Billion in 2017 at a CAGR of 8.3% from 2017 to 2021. The major factor driving the growth of this market are high prevalence of diseases, rising government and nongovernment funding for vaccine development, increasing investments by companies, and increasing focus on immunization programs', N'Vaccines research and Advance approach towards vaccination techniques for global cause Safety', 0, 2, CAST(N'2018-04-16T00:00:00.000' AS DateTime), CAST(N'2018-04-18T00:00:00.000' AS DateTime), N'c1_b1.docx', NULL, N'31b8f58a-cf19-4324-8997-214bbb22c672_4.jpg', N'Vaccine_and_Vaccination_Techniques', N'vaccine@scientificcognizance.com')
INSERT [dbo].[Conference] ([Id], [Name], [Description], [ShortDescription], [Active], [FK_VenueId], [startDt], [endDt], [brochure], [SpeakerList], [shortImageUrl], [DisplayId], [ConfEmail]) VALUES (11, N'International Conference and Expo on Nanotechnology', N'The Aim of Nanotechnology 2018 is to present the most recent analysis and results of scientists related to nanotechnology topics. This conference provides opportunities for delegates/speakers to exchange new ideas and application experiences face to face, to establish business or research relations additionally on realize world partners for future collaboration and with a target to support young personalities and their analysis abilities by giving a chance to fulfil the specialists within the field of Nano. We tend to hope that the conference results constituted important contribution to the knowledge in these up-to-date scientific fields. Nanotechnology 2018 could be an important platform for ascension international and knowledge base exchange at the forefront of technology needs. The conference covers all frontier topics of Nano and includes comprehensive lectures and invited talks by eminent personalities from round the world additionally to contributed papers every oral and poster presentations. Nanotechnology is the improvement and engineering of devices therefore small that they are measured on a molecular scale. This developing field involves scientists from many alternative disciplines, including physicists, chemists, engineers, information technologists, and material Researchers, similarly as biologists. Applied science is being to almost each field imaginable, alongside physics, magnetics, information technology, materials development and biomedicine. the global marketplace for nanotechnology products was valued at $22.9 billion in 2013 and raised to concerning $26 billion in 2014. This market is anticipated to achieve concerning $64.2 billion by 2019, a compound annual rate (CAGR) of 19.8% from 2014 to 2019. Qualifying as a technology that has the potential to own a major impact on the world economy, nanotechnology developments square measure reaching vital mass. the world nowadays is reaping the advantages of current generation commercialised nanotech solutions within the form of slimmer and lighter display screens, stronger, durable and self-healing construction materials, intelligent biocompatible compounds for smarter medication delivery, Lighter, stronger &, fuel efficient vehicles, cleaner energy generation, storage, usage, and interactive, antimicrobial, smart food and drug packaging with the power to sense organic chemistry and microorganism contaminants, Asia Pacific ranks as the fastest growing market with CAGR of pure gold over the analysis period, junction rectifier by significant R&D interest in applied science as a platform for enabling  performance and quality enhancements of factory-made products particularly in export oriented political economy that seeks to retain producing competitiveness and excellence within the international market.', N'Emerging New Innovation in the field of Nanotechnology', 0, 2, CAST(N'2018-04-19T00:00:00.000' AS DateTime), CAST(N'2018-04-21T00:00:00.000' AS DateTime), N'c1_b1.docx', NULL, N'fc3ca70b-b067-4e26-9b0c-bcc3c652e20e_5.jpg', N'Nanotechnology', N'nanotechnology@scientificcognizance.com')
INSERT [dbo].[Conference] ([Id], [Name], [Description], [ShortDescription], [Active], [FK_VenueId], [startDt], [endDt], [brochure], [SpeakerList], [shortImageUrl], [DisplayId], [ConfEmail]) VALUES (12, N'International conference and expo on  separation science and technology', N'Separation science and technology 2018 aims to promote scientific information interchange between academic scientists, research scholars and researchers to share their experiences and research results on all aspects of Separation Science. This conference also provides opportunities for the delegates to exchange new ideas and application experiences face to face, to establish business / research relations, and to find partners for future collaboration. World renowned scientists will address key developments and applications, productivity and financial challenges, and novel approaches related to separation science and analysis focusing on the latest innovations in technologies. . The scientific program will offer plenary lectures, submitted oral presentations and poster sessions. Outside the session lecture theatres, you will also find numerous exhibitors presenting their contributions. All honorable authors are kindly encouraged to contribute to and help shape the conference through submissions of their research abstracts, papers and e-posters', N'Current Advance in Separation Science and Technology', 0, 2, CAST(N'2018-04-19T00:00:00.000' AS DateTime), CAST(N'2018-04-21T00:00:00.000' AS DateTime), N'c1_b1.docx', NULL, N'61061e02-5d45-401f-91a9-2680026b719f_6.jpg', N'separation_science_and_technology', N'separationtechniques@scientificcognizance.com')
INSERT [dbo].[Conference] ([Id], [Name], [Description], [ShortDescription], [Active], [FK_VenueId], [startDt], [endDt], [brochure], [SpeakerList], [shortImageUrl], [DisplayId], [ConfEmail]) VALUES (13, N'International Conference on Smart Infrastructure and Construction', N'The International Conference on Smart Infrastructure and Construction will bring together world-leading academics and practitioners from the fields of infrastructure planning, asset management and sensing. The unique combination of fields and disciplines focusing on the power of smarter information will provide opportunities to confront persistent barriers and develop novel, proactive solutions. [split] Smart Infrastructure and Construction provides the excellent opportunity to meet experts, exchange information, and strengthen the collaboration among Researchers from both academia and industry. Smart Infrastructure and Construction is an event designed in a way to provide an exclusive platform for academics working in the fields of: geotechnical and structural engineering; structural health monitoring; asset management; city scale infrastructure planning and design; the use of smarter data in cities. [split] Decision makers and analysts from industry and government responsible for: design, construction and operation of infrastructure assets; asset management; specification and procurement of major infrastructure assets. [split] Smart infrastructure and construction is an emerging field of great potential, and Transforming the Future of Infrastructure through Smarter Information will be of interest to practitioners, asset owners and operators, consultants, contractors and academics with an interest in the area. [split] Who can attend? [split] [split] Contractors & Industry Associations[split] Strategic & Networking Planning[split] Infrastructure Development & Management[split] Highway & Network Management[split] Road Maintenance & Engineering[split] Asset Management & Maintenance[split] Contract Development & Management[split] Construction & Civil Engineer[split]', N'Building Up a Sustainable Infrastructure Networks', 0, 2, CAST(N'2018-04-19T00:00:00.000' AS DateTime), CAST(N'2018-04-21T00:00:00.000' AS DateTime), NULL, NULL, N'083dfe66-a0cd-4e1e-b8dd-c0847c69b0c0_homepage-grid.jpg', N'infrastructureandconstruction', N'infrastructure@scientificcognizance.com')
SET IDENTITY_INSERT [dbo].[Conference] OFF
SET IDENTITY_INSERT [dbo].[ConferenceTeam] ON 

INSERT [dbo].[ConferenceTeam] ([Id], [FK_ConferenceId], [Name], [Info], [Chair], [Biography], [ImageUrl], [FK_MemberType]) VALUES (30, 11, N'Mary Mehrnoosh Eshaghian Wilner', N'University of California, USA', 0, N'Mary Mehrnoosh EshaghianWilner received a BS degree in Biomedical and Electrical Engineering 1985 MS degree in Computer Engineering 1985 Engineers degree in Electrical Engineering 1988 and PhD in Computer Engineering 1988 all from the University of Southern California USC. Dr Eshaghian Wilner is currently an Adjunct Professor of Electrical Engineering at the University of California Los Angeles UCLA. She is also a patent attorney admitted to the State Bar of California and the Washington DC Bar and is registered to practice before the United States Patent and Trademark Office.', N'20633fc5-cb6a-4a56-866c-6fd701bae7db_303editor_image.jpg', 1)
INSERT [dbo].[ConferenceTeam] ([Id], [FK_ConferenceId], [Name], [Info], [Chair], [Biography], [ImageUrl], [FK_MemberType]) VALUES (31, 11, N'Joao Paulo Figueiró Longo', N'Institute of Biological Sciences University of Brasília,Brazil', 0, NULL, N'f3e4bfd9-425c-4277-9b2f-410d0c5e74f9_citations.jpg', 1)
INSERT [dbo].[ConferenceTeam] ([Id], [FK_ConferenceId], [Name], [Info], [Chair], [Biography], [ImageUrl], [FK_MemberType]) VALUES (32, 11, N'Dr. Khalid Mujasam Batoo', N'King Abdullah Institute for Nanotechnology, Saudi Arabia', 0, N'Khalid Mujasam Batoo, received his Ph.D in Applied physics from, Aligarh Muslim University, India in 2009. He is at present Associate Professor at King Abdullah Institute for Nanotechnology, King Saud University, Riyadh, Saudi Arabia since 2010. His international acclaims comprise of an academic excellence award from Dover publications New York, U.S.A. in 1998, NANO-15, award at KSR Institutes, Tirchendode, Tamil Nadu India, 2015, and ICNA-III, by South Valley University, Qena, Egypt (2016). He is recipient of Junior Research fellowship Award from Inter University Accelerator Center, New Delhi India between 2007-2010. As principal investigator, he has in his credit a number of projects of international repute from National Plan For Science and Technology and King Abdul Aziz City for Science and Technology, Kingdom of Saudi Arabia. He has authored more than 56 research papers published in peer reviewed Journals of International commendation and more than 27 conference papers. He has supervised number of masters and graduate students. He is reviewer to number of scientific journals and is serving editor to three journals, Journal of Bioelectronics and Nanotechnology, Journal of Nanoscience and Nanotechnology and Asian Journal of Materials Chemistry, As an invited speaker he has delivered many talks on nanotechnology and its applications in various countries such as Egypt, Saudi Arabia, Hong Kong, USA, China, Turkey, Greece, India, etc.', N'8e11aff6-99dc-45cd-af3f-6a1cd8479b45_826584951Photo.jpg', 1)
INSERT [dbo].[ConferenceTeam] ([Id], [FK_ConferenceId], [Name], [Info], [Chair], [Biography], [ImageUrl], [FK_MemberType]) VALUES (35, 11, N'Claudio Nicolini', N'University of Genova, Italy', 0, N'Claudio Nicolini was born in Udine, Italy. He received the doctoral degree in physics from the University of Padua, in 1967. After serving as Adjunct Professor at the University of Bari, he moved for 17 years to the United States, of which he became citizen since 1974, and was originally at Brown University, MIT, and BNL. He then moved to Temple University School of Medicine, Philadelphia, where after a period of intensive training and research in pathology he became Associate Professor of Pathology and then Professor and Chairman of the Biophysics in 1976. In 1985, he was called as “eminent scientist” to the Chair of Biophysics of the University of Genoa, in Italy until 2012, where he was successively Director of Biophysics Institute, DISTBIMO and CIRSDNNOB. From 1993 until now is Life President of the Fondazione ELBA Nicolini and of the Nanoworld Institute. On 2008, has been elected as a Foreign Member of the Russian Academy of Sciences and on 2010 Honoris Causa Professor of Biophysics and Nanobiotechnology at Moscow State University. He was Chief Editor of Cell Biophysics (USA) , Science and Technology Advisor to Italian Prime Minister Craxi, Member of the National Science and Technology Council upon Parliament election, Scientific Director Industrial Consortium CIREF, Founder Technobiochip; President Polo National Bioelectronics , President Scientific Technological Park of Elba Island. He received several awards and prizes and has authored more than 480 publications in international scientific journals (SCI), 35 patents (WPI), 28 books and Series Editor in Bioelectronics (Plenum) and Nanobiotechnology (Pan Stanford). His main scientific activities concerned cancer research, biophysics and nanotechnology, pioneering world-wide chromatin structure-function, bioelectronics and nanobiotechnology.', N'2a21666d-92e0-49de-b8e8-598491c6f6e7_claudio.jpeg', 1)
INSERT [dbo].[ConferenceTeam] ([Id], [FK_ConferenceId], [Name], [Info], [Chair], [Biography], [ImageUrl], [FK_MemberType]) VALUES (36, 11, N'Maje Alhaji Haruna', N'University of Leeds, England', 0, N'Maje Alhaji Haruna has completed his mastersin Chemical Engineering at the age of 24 years from the University of Leeds. He is about to start his PhD in December 2015, he is currently workingas graduate assistant in the school of Chemistry Federal University Dutse, Nigeria. Maje attended many science and engineering conference within and outside Nigeria. He has a wide research interest in the field of energy, hydrogen production and wastewater treatment. Current research focused on the nanoparticle application for enhanced oil recovery. He has published many papers in reputed journals.', N'84f84ea9-c9cb-4ca8-a0e1-558816c870ea_Maje_Haruna.png', 1)
INSERT [dbo].[ConferenceTeam] ([Id], [FK_ConferenceId], [Name], [Info], [Chair], [Biography], [ImageUrl], [FK_MemberType]) VALUES (37, 11, N'Ahmed El-Hussein', N'National Institute of Laser Enhanced Science, Egypt', 0, N'Ahmed El-Hussein is awarded PhD in Laser science and Biotechnology from The National Institute of Laser Enhanced Science, Cairo University, Egypt in the 2010.  He/She holds a Master Degree (MSc) in Laser science and Biotechnology from The National Institute of Laser Enhanced Science, Cairo University, Egypt in the 2006, followed by a Bachelor’s Degree (BSc) in Chemistry- Zoology from Cairo University, Egypt. in the 1999. Currently, he/she is working as an Assistant Professor for National Institute of Laser Enhanced Science, Cairo University.', N'733452bc-9fe2-4684-8437-e3e80ec13054_generic-avatar.png', 1)
INSERT [dbo].[ConferenceTeam] ([Id], [FK_ConferenceId], [Name], [Info], [Chair], [Biography], [ImageUrl], [FK_MemberType]) VALUES (38, 10, N'Mworozi Edison Arwanire', N'Uganda Marty`S University Nkozi Uganda', 0, NULL, N'0776fcc7-d32f-498e-8fd9-2864eae9ff88_empty-face.png', 1)
INSERT [dbo].[ConferenceTeam] ([Id], [FK_ConferenceId], [Name], [Info], [Chair], [Biography], [ImageUrl], [FK_MemberType]) VALUES (39, 10, N'Giulio Tarro', N'Temple University                                                       USA  ', 0, N'Giulio Tarro graduated from Medicine School, Naples University (1962). Research Associate, Division of Virology and Cancer Research, Children’s Hospital (1965-1968), Assistant Professor of Research Pediatrics, College Medicine (1968-1969), Cincinnati University, Ohio. Oncological Virology Professor, Naples University (1972-1985). Chief Division Virology (1973-2003), Head Department Diagnostic Laboratories, (2003-2006). D. Cotugno Hospital for Infectious Diseases, Naples; Emeritus, 2006 -. Since 2007 Chairman Committee of Biotechnologies and VirusSphere, World Academy Biomedical Technologies, UNESCO, Adjunct Professor Department Biology, Temple University, College of Science and Technology, Philadelphia, recipient of the Sbarro Health Research Organization lifetime achievement award (2010). President Foundation de Beaumont Bonelli for Cancer Research', N'40643722-4156-456f-b32d-96611b5c136e_Giulio.JPG', 1)
INSERT [dbo].[ConferenceTeam] ([Id], [FK_ConferenceId], [Name], [Info], [Chair], [Biography], [ImageUrl], [FK_MemberType]) VALUES (42, 10, N'S. Louise Cosby', N'Queen’s University Belfast              Ireland', 0, N'Professor S. Louise Cosby (SLC) was appointed as Head of Virology Branch at the Agri-Food and Biosciences institute, UK, in 2015. She was Chair of Microbiology in Queen’s University Belfast from 2002 and remains an emeritus professor.  SLC is a Fellow of  Royal College of Pathologists (London) and Fellow of the Royal Society of Biology, UK. She has served/currently serves on  grant/editorial boards:  BBSRC, UK; Chair/member, Science Foundation Ireland; Forum and committee member British Society for Immunology, UK;  Associate Editor, Journal of Neurovirology, USA;  Review editor, Frontiers in Microbiology; External Assessor for Appointments and Promotions in Medical Microbiology, University of Malaysia', N'c86bf596-ff90-4657-b1e0-013a2abeafc5_Louise Cosby.jpg', 1)
INSERT [dbo].[ConferenceTeam] ([Id], [FK_ConferenceId], [Name], [Info], [Chair], [Biography], [ImageUrl], [FK_MemberType]) VALUES (44, 10, N'VEYSEL KAYSER', N'The University of Sydney   Australia', 0, N'Veysel Kayser is an Associate Professor in the Faculty of Pharmacy at the University of Sydney. He received his B.Sc. degree from Hacettepe University (Turkey) and his Ph.D. from the University of Leeds (UK). In addition, he performed post-doctoral research at the Max-Planck Institute (Germany) and at MIT (US). Before joining the University of Sydney, he was a senior scientist at MIT', N'9444008e-f39b-4746-aa8a-8999dc865070_VEYSEL KAYSER.jpg', 1)
SET IDENTITY_INSERT [dbo].[ConferenceTeam] OFF
SET IDENTITY_INSERT [dbo].[MST_AccomodationType] ON 

INSERT [dbo].[MST_AccomodationType] ([Id], [Name], [IsActive]) VALUES (1, N'For 2 Nights', 1)
INSERT [dbo].[MST_AccomodationType] ([Id], [Name], [IsActive]) VALUES (2, N'For 3 Nights', 1)
INSERT [dbo].[MST_AccomodationType] ([Id], [Name], [IsActive]) VALUES (3, N'For 4 Nights', 1)
SET IDENTITY_INSERT [dbo].[MST_AccomodationType] OFF
SET IDENTITY_INSERT [dbo].[MST_Occupancy] ON 

INSERT [dbo].[MST_Occupancy] ([Id], [Name], [IsActive], [OccValue]) VALUES (1, N'Single', 1, 1)
INSERT [dbo].[MST_Occupancy] ([Id], [Name], [IsActive], [OccValue]) VALUES (2, N'Double', 1, 2)
INSERT [dbo].[MST_Occupancy] ([Id], [Name], [IsActive], [OccValue]) VALUES (3, N'Triple', 1, 3)
SET IDENTITY_INSERT [dbo].[MST_Occupancy] OFF
SET IDENTITY_INSERT [dbo].[AccommodationPricing] ON 

INSERT [dbo].[AccommodationPricing] ([Id], [FK_ConferenceId], [FK_AccomodationTypeId], [FK_OccupancyId], [Amout]) VALUES (1, 8, 1, 1, 360)
INSERT [dbo].[AccommodationPricing] ([Id], [FK_ConferenceId], [FK_AccomodationTypeId], [FK_OccupancyId], [Amout]) VALUES (2, 8, 1, 2, 400)
INSERT [dbo].[AccommodationPricing] ([Id], [FK_ConferenceId], [FK_AccomodationTypeId], [FK_OccupancyId], [Amout]) VALUES (3, 8, 1, 3, 440)
INSERT [dbo].[AccommodationPricing] ([Id], [FK_ConferenceId], [FK_AccomodationTypeId], [FK_OccupancyId], [Amout]) VALUES (4, 8, 3, 1, 540)
INSERT [dbo].[AccommodationPricing] ([Id], [FK_ConferenceId], [FK_AccomodationTypeId], [FK_OccupancyId], [Amout]) VALUES (5, 8, 3, 2, 600)
INSERT [dbo].[AccommodationPricing] ([Id], [FK_ConferenceId], [FK_AccomodationTypeId], [FK_OccupancyId], [Amout]) VALUES (6, 8, 3, 3, 660)
INSERT [dbo].[AccommodationPricing] ([Id], [FK_ConferenceId], [FK_AccomodationTypeId], [FK_OccupancyId], [Amout]) VALUES (7, 8, 2, 1, 720)
INSERT [dbo].[AccommodationPricing] ([Id], [FK_ConferenceId], [FK_AccomodationTypeId], [FK_OccupancyId], [Amout]) VALUES (8, 8, 2, 2, 800)
INSERT [dbo].[AccommodationPricing] ([Id], [FK_ConferenceId], [FK_AccomodationTypeId], [FK_OccupancyId], [Amout]) VALUES (9, 8, 2, 3, 880)
SET IDENTITY_INSERT [dbo].[AccommodationPricing] OFF
SET IDENTITY_INSERT [dbo].[MST_Accompany] ON 

INSERT [dbo].[MST_Accompany] ([Id], [Name], [Value], [isActive]) VALUES (1, N'One', 1, 1)
INSERT [dbo].[MST_Accompany] ([Id], [Name], [Value], [isActive]) VALUES (2, N'Two', 2, 1)
INSERT [dbo].[MST_Accompany] ([Id], [Name], [Value], [isActive]) VALUES (3, N'Three', 3, 1)
INSERT [dbo].[MST_Accompany] ([Id], [Name], [Value], [isActive]) VALUES (4, N'Four', 4, 1)
SET IDENTITY_INSERT [dbo].[MST_Accompany] OFF
SET IDENTITY_INSERT [dbo].[AccompanyPricing] ON 

INSERT [dbo].[AccompanyPricing] ([Id], [FK_conferenceId], [FK_AccompanyId], [Amount]) VALUES (1, 8, 1, 200)
INSERT [dbo].[AccompanyPricing] ([Id], [FK_conferenceId], [FK_AccompanyId], [Amount]) VALUES (2, 8, 2, 300)
INSERT [dbo].[AccompanyPricing] ([Id], [FK_conferenceId], [FK_AccompanyId], [Amount]) VALUES (4, 8, 3, 400)
SET IDENTITY_INSERT [dbo].[AccompanyPricing] OFF
SET IDENTITY_INSERT [dbo].[MST_RegistrationClass] ON 

INSERT [dbo].[MST_RegistrationClass] ([Id], [Name], [IsActive]) VALUES (1, N'Early ', 1)
INSERT [dbo].[MST_RegistrationClass] ([Id], [Name], [IsActive]) VALUES (2, N'Standard', 1)
INSERT [dbo].[MST_RegistrationClass] ([Id], [Name], [IsActive]) VALUES (3, N'OnSpot', 1)
SET IDENTITY_INSERT [dbo].[MST_RegistrationClass] OFF
SET IDENTITY_INSERT [dbo].[MST_RegistrationType] ON 

INSERT [dbo].[MST_RegistrationType] ([Id], [Name], [IsActive]) VALUES (1, N'Speaker Registration', 1)
INSERT [dbo].[MST_RegistrationType] ([Id], [Name], [IsActive]) VALUES (2, N'Delegate Registration', 1)
INSERT [dbo].[MST_RegistrationType] ([Id], [Name], [IsActive]) VALUES (3, N'Poster Registration', 1)
INSERT [dbo].[MST_RegistrationType] ([Id], [Name], [IsActive]) VALUES (4, N'Student Delegate', 1)
SET IDENTITY_INSERT [dbo].[MST_RegistrationType] OFF
SET IDENTITY_INSERT [dbo].[Pricing] ON 

INSERT [dbo].[Pricing] ([Id], [FK_ConferenceId], [FK_RegType], [FK_RegClass], [Amout]) VALUES (1, 8, 1, 1, 699)
INSERT [dbo].[Pricing] ([Id], [FK_ConferenceId], [FK_RegType], [FK_RegClass], [Amout]) VALUES (2, 8, 1, 2, 799)
INSERT [dbo].[Pricing] ([Id], [FK_ConferenceId], [FK_RegType], [FK_RegClass], [Amout]) VALUES (3, 8, 2, 1, 599)
INSERT [dbo].[Pricing] ([Id], [FK_ConferenceId], [FK_RegType], [FK_RegClass], [Amout]) VALUES (4, 8, 2, 2, 699)
INSERT [dbo].[Pricing] ([Id], [FK_ConferenceId], [FK_RegType], [FK_RegClass], [Amout]) VALUES (5, 8, 3, 1, 399)
INSERT [dbo].[Pricing] ([Id], [FK_ConferenceId], [FK_RegType], [FK_RegClass], [Amout]) VALUES (6, 8, 3, 2, 499)
INSERT [dbo].[Pricing] ([Id], [FK_ConferenceId], [FK_RegType], [FK_RegClass], [Amout]) VALUES (7, 8, 4, 1, 299)
INSERT [dbo].[Pricing] ([Id], [FK_ConferenceId], [FK_RegType], [FK_RegClass], [Amout]) VALUES (8, 8, 4, 2, 299)
INSERT [dbo].[Pricing] ([Id], [FK_ConferenceId], [FK_RegType], [FK_RegClass], [Amout]) VALUES (9, 9, 1, 1, 699)
INSERT [dbo].[Pricing] ([Id], [FK_ConferenceId], [FK_RegType], [FK_RegClass], [Amout]) VALUES (10, 9, 1, 2, 799)
INSERT [dbo].[Pricing] ([Id], [FK_ConferenceId], [FK_RegType], [FK_RegClass], [Amout]) VALUES (11, 9, 2, 1, 599)
INSERT [dbo].[Pricing] ([Id], [FK_ConferenceId], [FK_RegType], [FK_RegClass], [Amout]) VALUES (12, 9, 2, 2, 699)
INSERT [dbo].[Pricing] ([Id], [FK_ConferenceId], [FK_RegType], [FK_RegClass], [Amout]) VALUES (13, 9, 3, 1, 399)
INSERT [dbo].[Pricing] ([Id], [FK_ConferenceId], [FK_RegType], [FK_RegClass], [Amout]) VALUES (14, 9, 3, 2, 499)
INSERT [dbo].[Pricing] ([Id], [FK_ConferenceId], [FK_RegType], [FK_RegClass], [Amout]) VALUES (15, 9, 4, 1, 299)
INSERT [dbo].[Pricing] ([Id], [FK_ConferenceId], [FK_RegType], [FK_RegClass], [Amout]) VALUES (16, 9, 4, 2, 299)
INSERT [dbo].[Pricing] ([Id], [FK_ConferenceId], [FK_RegType], [FK_RegClass], [Amout]) VALUES (17, 10, 1, 1, 699)
INSERT [dbo].[Pricing] ([Id], [FK_ConferenceId], [FK_RegType], [FK_RegClass], [Amout]) VALUES (18, 10, 1, 2, 799)
INSERT [dbo].[Pricing] ([Id], [FK_ConferenceId], [FK_RegType], [FK_RegClass], [Amout]) VALUES (19, 10, 2, 1, 599)
INSERT [dbo].[Pricing] ([Id], [FK_ConferenceId], [FK_RegType], [FK_RegClass], [Amout]) VALUES (20, 10, 2, 2, 699)
INSERT [dbo].[Pricing] ([Id], [FK_ConferenceId], [FK_RegType], [FK_RegClass], [Amout]) VALUES (21, 10, 3, 1, 399)
INSERT [dbo].[Pricing] ([Id], [FK_ConferenceId], [FK_RegType], [FK_RegClass], [Amout]) VALUES (22, 10, 3, 2, 499)
INSERT [dbo].[Pricing] ([Id], [FK_ConferenceId], [FK_RegType], [FK_RegClass], [Amout]) VALUES (23, 10, 4, 1, 299)
INSERT [dbo].[Pricing] ([Id], [FK_ConferenceId], [FK_RegType], [FK_RegClass], [Amout]) VALUES (24, 10, 4, 2, 299)
INSERT [dbo].[Pricing] ([Id], [FK_ConferenceId], [FK_RegType], [FK_RegClass], [Amout]) VALUES (25, 11, 1, 1, 699)
INSERT [dbo].[Pricing] ([Id], [FK_ConferenceId], [FK_RegType], [FK_RegClass], [Amout]) VALUES (26, 11, 1, 2, 799)
INSERT [dbo].[Pricing] ([Id], [FK_ConferenceId], [FK_RegType], [FK_RegClass], [Amout]) VALUES (27, 11, 2, 1, 599)
INSERT [dbo].[Pricing] ([Id], [FK_ConferenceId], [FK_RegType], [FK_RegClass], [Amout]) VALUES (28, 11, 2, 2, 699)
INSERT [dbo].[Pricing] ([Id], [FK_ConferenceId], [FK_RegType], [FK_RegClass], [Amout]) VALUES (29, 11, 3, 1, 399)
INSERT [dbo].[Pricing] ([Id], [FK_ConferenceId], [FK_RegType], [FK_RegClass], [Amout]) VALUES (30, 11, 3, 2, 499)
INSERT [dbo].[Pricing] ([Id], [FK_ConferenceId], [FK_RegType], [FK_RegClass], [Amout]) VALUES (31, 11, 4, 1, 299)
INSERT [dbo].[Pricing] ([Id], [FK_ConferenceId], [FK_RegType], [FK_RegClass], [Amout]) VALUES (32, 11, 4, 2, 299)
INSERT [dbo].[Pricing] ([Id], [FK_ConferenceId], [FK_RegType], [FK_RegClass], [Amout]) VALUES (33, 12, 1, 1, 699)
INSERT [dbo].[Pricing] ([Id], [FK_ConferenceId], [FK_RegType], [FK_RegClass], [Amout]) VALUES (34, 12, 1, 2, 799)
INSERT [dbo].[Pricing] ([Id], [FK_ConferenceId], [FK_RegType], [FK_RegClass], [Amout]) VALUES (35, 12, 2, 1, 599)
INSERT [dbo].[Pricing] ([Id], [FK_ConferenceId], [FK_RegType], [FK_RegClass], [Amout]) VALUES (36, 12, 2, 2, 699)
INSERT [dbo].[Pricing] ([Id], [FK_ConferenceId], [FK_RegType], [FK_RegClass], [Amout]) VALUES (37, 12, 3, 1, 399)
INSERT [dbo].[Pricing] ([Id], [FK_ConferenceId], [FK_RegType], [FK_RegClass], [Amout]) VALUES (38, 12, 3, 2, 499)
INSERT [dbo].[Pricing] ([Id], [FK_ConferenceId], [FK_RegType], [FK_RegClass], [Amout]) VALUES (39, 12, 4, 1, 299)
INSERT [dbo].[Pricing] ([Id], [FK_ConferenceId], [FK_RegType], [FK_RegClass], [Amout]) VALUES (40, 12, 4, 2, 299)
INSERT [dbo].[Pricing] ([Id], [FK_ConferenceId], [FK_RegType], [FK_RegClass], [Amout]) VALUES (41, 13, 1, 1, 699)
INSERT [dbo].[Pricing] ([Id], [FK_ConferenceId], [FK_RegType], [FK_RegClass], [Amout]) VALUES (42, 13, 1, 2, 799)
INSERT [dbo].[Pricing] ([Id], [FK_ConferenceId], [FK_RegType], [FK_RegClass], [Amout]) VALUES (43, 13, 2, 1, 599)
INSERT [dbo].[Pricing] ([Id], [FK_ConferenceId], [FK_RegType], [FK_RegClass], [Amout]) VALUES (44, 13, 2, 2, 699)
INSERT [dbo].[Pricing] ([Id], [FK_ConferenceId], [FK_RegType], [FK_RegClass], [Amout]) VALUES (45, 13, 3, 1, 399)
INSERT [dbo].[Pricing] ([Id], [FK_ConferenceId], [FK_RegType], [FK_RegClass], [Amout]) VALUES (46, 13, 3, 2, 499)
INSERT [dbo].[Pricing] ([Id], [FK_ConferenceId], [FK_RegType], [FK_RegClass], [Amout]) VALUES (47, 13, 4, 1, 299)
INSERT [dbo].[Pricing] ([Id], [FK_ConferenceId], [FK_RegType], [FK_RegClass], [Amout]) VALUES (48, 13, 4, 2, 299)
SET IDENTITY_INSERT [dbo].[Pricing] OFF
SET IDENTITY_INSERT [dbo].[Conference_RegClass_Mapping] ON 

INSERT [dbo].[Conference_RegClass_Mapping] ([Id], [FK_ConferenceId], [FK_RegClassId], [FromDt], [ToDt]) VALUES (1, 8, 1, NULL, CAST(N'2017-08-24T00:00:00.000' AS DateTime))
INSERT [dbo].[Conference_RegClass_Mapping] ([Id], [FK_ConferenceId], [FK_RegClassId], [FromDt], [ToDt]) VALUES (2, 8, 2, CAST(N'2017-08-25T00:00:00.000' AS DateTime), CAST(N'2018-04-16T00:00:00.000' AS DateTime))
INSERT [dbo].[Conference_RegClass_Mapping] ([Id], [FK_ConferenceId], [FK_RegClassId], [FromDt], [ToDt]) VALUES (3, 9, 1, NULL, CAST(N'2017-08-24T00:00:00.000' AS DateTime))
INSERT [dbo].[Conference_RegClass_Mapping] ([Id], [FK_ConferenceId], [FK_RegClassId], [FromDt], [ToDt]) VALUES (4, 9, 2, CAST(N'2017-08-25T00:00:00.000' AS DateTime), CAST(N'2018-04-19T00:00:00.000' AS DateTime))
INSERT [dbo].[Conference_RegClass_Mapping] ([Id], [FK_ConferenceId], [FK_RegClassId], [FromDt], [ToDt]) VALUES (5, 10, 1, NULL, CAST(N'2017-08-24T00:00:00.000' AS DateTime))
INSERT [dbo].[Conference_RegClass_Mapping] ([Id], [FK_ConferenceId], [FK_RegClassId], [FromDt], [ToDt]) VALUES (6, 10, 2, CAST(N'2017-08-25T00:00:00.000' AS DateTime), CAST(N'2018-04-19T00:00:00.000' AS DateTime))
INSERT [dbo].[Conference_RegClass_Mapping] ([Id], [FK_ConferenceId], [FK_RegClassId], [FromDt], [ToDt]) VALUES (7, 11, 1, NULL, CAST(N'2017-08-24T00:00:00.000' AS DateTime))
INSERT [dbo].[Conference_RegClass_Mapping] ([Id], [FK_ConferenceId], [FK_RegClassId], [FromDt], [ToDt]) VALUES (8, 11, 2, CAST(N'2017-08-25T00:00:00.000' AS DateTime), CAST(N'2018-04-19T00:00:00.000' AS DateTime))
INSERT [dbo].[Conference_RegClass_Mapping] ([Id], [FK_ConferenceId], [FK_RegClassId], [FromDt], [ToDt]) VALUES (9, 12, 1, NULL, CAST(N'2017-08-24T00:00:00.000' AS DateTime))
INSERT [dbo].[Conference_RegClass_Mapping] ([Id], [FK_ConferenceId], [FK_RegClassId], [FromDt], [ToDt]) VALUES (10, 12, 2, CAST(N'2017-08-25T00:00:00.000' AS DateTime), CAST(N'2018-04-19T00:00:00.000' AS DateTime))
INSERT [dbo].[Conference_RegClass_Mapping] ([Id], [FK_ConferenceId], [FK_RegClassId], [FromDt], [ToDt]) VALUES (13, 13, 1, NULL, CAST(N'2017-08-24T00:00:00.000' AS DateTime))
INSERT [dbo].[Conference_RegClass_Mapping] ([Id], [FK_ConferenceId], [FK_RegClassId], [FromDt], [ToDt]) VALUES (14, 13, 2, CAST(N'2017-08-25T00:00:00.000' AS DateTime), CAST(N'2018-04-19T00:00:00.000' AS DateTime))
SET IDENTITY_INSERT [dbo].[Conference_RegClass_Mapping] OFF
SET IDENTITY_INSERT [dbo].[Category] ON 

INSERT [dbo].[Category] ([Id], [Name]) VALUES (1, N'Speaking')
INSERT [dbo].[Category] ([Id], [Name]) VALUES (2, N'Poster Presentation')
SET IDENTITY_INSERT [dbo].[Category] OFF
SET IDENTITY_INSERT [dbo].[Country] ON 

INSERT [dbo].[Country] ([Id], [Name], [CallingCode]) VALUES (4, N'Afghanistan', 0)
INSERT [dbo].[Country] ([Id], [Name], [CallingCode]) VALUES (5, N'Åland Islands', 0)
INSERT [dbo].[Country] ([Id], [Name], [CallingCode]) VALUES (6, N'Albania', 0)
INSERT [dbo].[Country] ([Id], [Name], [CallingCode]) VALUES (7, N'Algeria', 0)
INSERT [dbo].[Country] ([Id], [Name], [CallingCode]) VALUES (8, N'American Samoa', 0)
INSERT [dbo].[Country] ([Id], [Name], [CallingCode]) VALUES (9, N'Andorra', 0)
INSERT [dbo].[Country] ([Id], [Name], [CallingCode]) VALUES (10, N'Angola', 0)
INSERT [dbo].[Country] ([Id], [Name], [CallingCode]) VALUES (11, N'Anguilla', 0)
INSERT [dbo].[Country] ([Id], [Name], [CallingCode]) VALUES (12, N'Antarctica', 0)
INSERT [dbo].[Country] ([Id], [Name], [CallingCode]) VALUES (13, N'Antigua and Barbuda', 0)
INSERT [dbo].[Country] ([Id], [Name], [CallingCode]) VALUES (14, N'Argentina', 0)
INSERT [dbo].[Country] ([Id], [Name], [CallingCode]) VALUES (15, N'Armenia', 0)
INSERT [dbo].[Country] ([Id], [Name], [CallingCode]) VALUES (16, N'Aruba', 0)
INSERT [dbo].[Country] ([Id], [Name], [CallingCode]) VALUES (17, N'Australia', 0)
INSERT [dbo].[Country] ([Id], [Name], [CallingCode]) VALUES (18, N'Austria', 0)
INSERT [dbo].[Country] ([Id], [Name], [CallingCode]) VALUES (19, N'Azerbaijan', 0)
INSERT [dbo].[Country] ([Id], [Name], [CallingCode]) VALUES (20, N'Bahamas', 0)
INSERT [dbo].[Country] ([Id], [Name], [CallingCode]) VALUES (21, N'Bahrain', 0)
INSERT [dbo].[Country] ([Id], [Name], [CallingCode]) VALUES (22, N'Bangladesh', 0)
INSERT [dbo].[Country] ([Id], [Name], [CallingCode]) VALUES (23, N'Barbados', 0)
INSERT [dbo].[Country] ([Id], [Name], [CallingCode]) VALUES (24, N'Belarus', 0)
INSERT [dbo].[Country] ([Id], [Name], [CallingCode]) VALUES (25, N'Belgium', 0)
INSERT [dbo].[Country] ([Id], [Name], [CallingCode]) VALUES (26, N'Belize', 0)
INSERT [dbo].[Country] ([Id], [Name], [CallingCode]) VALUES (27, N'Benin', 0)
INSERT [dbo].[Country] ([Id], [Name], [CallingCode]) VALUES (28, N'Bermuda', 0)
INSERT [dbo].[Country] ([Id], [Name], [CallingCode]) VALUES (29, N'Bhutan', 0)
INSERT [dbo].[Country] ([Id], [Name], [CallingCode]) VALUES (30, N'Bolivia (Plurinational State of)', 0)
INSERT [dbo].[Country] ([Id], [Name], [CallingCode]) VALUES (31, N'Bonaire, Sint Eustatius and Saba', 0)
INSERT [dbo].[Country] ([Id], [Name], [CallingCode]) VALUES (32, N'Bosnia and Herzegovina', 0)
INSERT [dbo].[Country] ([Id], [Name], [CallingCode]) VALUES (33, N'Botswana', 0)
INSERT [dbo].[Country] ([Id], [Name], [CallingCode]) VALUES (34, N'Bouvet Island', 0)
INSERT [dbo].[Country] ([Id], [Name], [CallingCode]) VALUES (35, N'Brazil', 0)
INSERT [dbo].[Country] ([Id], [Name], [CallingCode]) VALUES (36, N'British Indian Ocean Territory', 0)
INSERT [dbo].[Country] ([Id], [Name], [CallingCode]) VALUES (37, N'United States Minor Outlying Islands', 0)
INSERT [dbo].[Country] ([Id], [Name], [CallingCode]) VALUES (38, N'Virgin Islands (British)', 0)
INSERT [dbo].[Country] ([Id], [Name], [CallingCode]) VALUES (39, N'Virgin Islands (U.S.)', 0)
INSERT [dbo].[Country] ([Id], [Name], [CallingCode]) VALUES (40, N'Brunei Darussalam', 0)
INSERT [dbo].[Country] ([Id], [Name], [CallingCode]) VALUES (41, N'Bulgaria', 0)
INSERT [dbo].[Country] ([Id], [Name], [CallingCode]) VALUES (42, N'Burkina Faso', 0)
INSERT [dbo].[Country] ([Id], [Name], [CallingCode]) VALUES (43, N'Burundi', 0)
INSERT [dbo].[Country] ([Id], [Name], [CallingCode]) VALUES (44, N'Cambodia', 0)
INSERT [dbo].[Country] ([Id], [Name], [CallingCode]) VALUES (45, N'Cameroon', 0)
INSERT [dbo].[Country] ([Id], [Name], [CallingCode]) VALUES (46, N'Canada', 0)
INSERT [dbo].[Country] ([Id], [Name], [CallingCode]) VALUES (47, N'Cabo Verde', 0)
INSERT [dbo].[Country] ([Id], [Name], [CallingCode]) VALUES (48, N'Cayman Islands', 0)
INSERT [dbo].[Country] ([Id], [Name], [CallingCode]) VALUES (49, N'Central African Republic', 0)
INSERT [dbo].[Country] ([Id], [Name], [CallingCode]) VALUES (50, N'Chad', 0)
INSERT [dbo].[Country] ([Id], [Name], [CallingCode]) VALUES (51, N'Chile', 0)
INSERT [dbo].[Country] ([Id], [Name], [CallingCode]) VALUES (52, N'China', 0)
INSERT [dbo].[Country] ([Id], [Name], [CallingCode]) VALUES (53, N'Christmas Island', 0)
INSERT [dbo].[Country] ([Id], [Name], [CallingCode]) VALUES (54, N'Cocos (Keeling) Islands', 0)
INSERT [dbo].[Country] ([Id], [Name], [CallingCode]) VALUES (55, N'Colombia', 0)
INSERT [dbo].[Country] ([Id], [Name], [CallingCode]) VALUES (56, N'Comoros', 0)
INSERT [dbo].[Country] ([Id], [Name], [CallingCode]) VALUES (57, N'Congo', 0)
INSERT [dbo].[Country] ([Id], [Name], [CallingCode]) VALUES (58, N'Congo (Democratic Republic of the)', 0)
INSERT [dbo].[Country] ([Id], [Name], [CallingCode]) VALUES (59, N'Cook Islands', 0)
INSERT [dbo].[Country] ([Id], [Name], [CallingCode]) VALUES (60, N'Costa Rica', 0)
INSERT [dbo].[Country] ([Id], [Name], [CallingCode]) VALUES (61, N'Croatia', 0)
INSERT [dbo].[Country] ([Id], [Name], [CallingCode]) VALUES (62, N'Cuba', 0)
INSERT [dbo].[Country] ([Id], [Name], [CallingCode]) VALUES (63, N'Curaçao', 0)
INSERT [dbo].[Country] ([Id], [Name], [CallingCode]) VALUES (64, N'Cyprus', 0)
INSERT [dbo].[Country] ([Id], [Name], [CallingCode]) VALUES (65, N'Czech Republic', 0)
INSERT [dbo].[Country] ([Id], [Name], [CallingCode]) VALUES (66, N'Denmark', 0)
INSERT [dbo].[Country] ([Id], [Name], [CallingCode]) VALUES (67, N'Djibouti', 0)
INSERT [dbo].[Country] ([Id], [Name], [CallingCode]) VALUES (68, N'Dominica', 0)
INSERT [dbo].[Country] ([Id], [Name], [CallingCode]) VALUES (69, N'Dominican Republic', 0)
INSERT [dbo].[Country] ([Id], [Name], [CallingCode]) VALUES (70, N'Ecuador', 0)
INSERT [dbo].[Country] ([Id], [Name], [CallingCode]) VALUES (71, N'Egypt', 0)
INSERT [dbo].[Country] ([Id], [Name], [CallingCode]) VALUES (72, N'El Salvador', 0)
INSERT [dbo].[Country] ([Id], [Name], [CallingCode]) VALUES (73, N'Equatorial Guinea', 0)
INSERT [dbo].[Country] ([Id], [Name], [CallingCode]) VALUES (74, N'Eritrea', 0)
INSERT [dbo].[Country] ([Id], [Name], [CallingCode]) VALUES (75, N'Estonia', 0)
INSERT [dbo].[Country] ([Id], [Name], [CallingCode]) VALUES (76, N'Ethiopia', 0)
INSERT [dbo].[Country] ([Id], [Name], [CallingCode]) VALUES (77, N'Falkland Islands (Malvinas)', 0)
INSERT [dbo].[Country] ([Id], [Name], [CallingCode]) VALUES (78, N'Faroe Islands', 0)
INSERT [dbo].[Country] ([Id], [Name], [CallingCode]) VALUES (79, N'Fiji', 0)
INSERT [dbo].[Country] ([Id], [Name], [CallingCode]) VALUES (80, N'Finland', 0)
INSERT [dbo].[Country] ([Id], [Name], [CallingCode]) VALUES (81, N'France', 0)
INSERT [dbo].[Country] ([Id], [Name], [CallingCode]) VALUES (82, N'French Guiana', 0)
INSERT [dbo].[Country] ([Id], [Name], [CallingCode]) VALUES (83, N'French Polynesia', 0)
INSERT [dbo].[Country] ([Id], [Name], [CallingCode]) VALUES (84, N'French Southern Territories', 0)
INSERT [dbo].[Country] ([Id], [Name], [CallingCode]) VALUES (85, N'Gabon', 0)
INSERT [dbo].[Country] ([Id], [Name], [CallingCode]) VALUES (86, N'Gambia', 0)
INSERT [dbo].[Country] ([Id], [Name], [CallingCode]) VALUES (87, N'Georgia', 0)
INSERT [dbo].[Country] ([Id], [Name], [CallingCode]) VALUES (88, N'Germany', 0)
INSERT [dbo].[Country] ([Id], [Name], [CallingCode]) VALUES (89, N'Ghana', 0)
INSERT [dbo].[Country] ([Id], [Name], [CallingCode]) VALUES (90, N'Gibraltar', 0)
INSERT [dbo].[Country] ([Id], [Name], [CallingCode]) VALUES (91, N'Greece', 0)
INSERT [dbo].[Country] ([Id], [Name], [CallingCode]) VALUES (92, N'Greenland', 0)
INSERT [dbo].[Country] ([Id], [Name], [CallingCode]) VALUES (93, N'Grenada', 0)
INSERT [dbo].[Country] ([Id], [Name], [CallingCode]) VALUES (94, N'Guadeloupe', 0)
INSERT [dbo].[Country] ([Id], [Name], [CallingCode]) VALUES (95, N'Guam', 0)
INSERT [dbo].[Country] ([Id], [Name], [CallingCode]) VALUES (96, N'Guatemala', 0)
INSERT [dbo].[Country] ([Id], [Name], [CallingCode]) VALUES (97, N'Guernsey', 0)
INSERT [dbo].[Country] ([Id], [Name], [CallingCode]) VALUES (98, N'Guinea', 0)
INSERT [dbo].[Country] ([Id], [Name], [CallingCode]) VALUES (99, N'Guinea-Bissau', 0)
INSERT [dbo].[Country] ([Id], [Name], [CallingCode]) VALUES (100, N'Guyana', 0)
INSERT [dbo].[Country] ([Id], [Name], [CallingCode]) VALUES (101, N'Haiti', 0)
INSERT [dbo].[Country] ([Id], [Name], [CallingCode]) VALUES (102, N'Heard Island and McDonald Islands', 0)
GO
INSERT [dbo].[Country] ([Id], [Name], [CallingCode]) VALUES (103, N'Holy See', 0)
INSERT [dbo].[Country] ([Id], [Name], [CallingCode]) VALUES (104, N'Honduras', 0)
INSERT [dbo].[Country] ([Id], [Name], [CallingCode]) VALUES (105, N'Hong Kong', 0)
INSERT [dbo].[Country] ([Id], [Name], [CallingCode]) VALUES (106, N'Hungary', 0)
INSERT [dbo].[Country] ([Id], [Name], [CallingCode]) VALUES (107, N'Iceland', 0)
INSERT [dbo].[Country] ([Id], [Name], [CallingCode]) VALUES (108, N'India', 0)
INSERT [dbo].[Country] ([Id], [Name], [CallingCode]) VALUES (109, N'Indonesia', 0)
INSERT [dbo].[Country] ([Id], [Name], [CallingCode]) VALUES (110, N'Côte d''Ivoire', 0)
INSERT [dbo].[Country] ([Id], [Name], [CallingCode]) VALUES (111, N'Iran (Islamic Republic of)', 0)
INSERT [dbo].[Country] ([Id], [Name], [CallingCode]) VALUES (112, N'Iraq', 0)
INSERT [dbo].[Country] ([Id], [Name], [CallingCode]) VALUES (113, N'Ireland', 0)
INSERT [dbo].[Country] ([Id], [Name], [CallingCode]) VALUES (114, N'Isle of Man', 0)
INSERT [dbo].[Country] ([Id], [Name], [CallingCode]) VALUES (115, N'Israel', 0)
INSERT [dbo].[Country] ([Id], [Name], [CallingCode]) VALUES (116, N'Italy', 0)
INSERT [dbo].[Country] ([Id], [Name], [CallingCode]) VALUES (117, N'Jamaica', 0)
INSERT [dbo].[Country] ([Id], [Name], [CallingCode]) VALUES (118, N'Japan', 0)
INSERT [dbo].[Country] ([Id], [Name], [CallingCode]) VALUES (119, N'Jersey', 0)
INSERT [dbo].[Country] ([Id], [Name], [CallingCode]) VALUES (120, N'Jordan', 0)
INSERT [dbo].[Country] ([Id], [Name], [CallingCode]) VALUES (121, N'Kazakhstan', 0)
INSERT [dbo].[Country] ([Id], [Name], [CallingCode]) VALUES (122, N'Kenya', 0)
INSERT [dbo].[Country] ([Id], [Name], [CallingCode]) VALUES (123, N'Kiribati', 0)
INSERT [dbo].[Country] ([Id], [Name], [CallingCode]) VALUES (124, N'Kuwait', 0)
INSERT [dbo].[Country] ([Id], [Name], [CallingCode]) VALUES (125, N'Kyrgyzstan', 0)
INSERT [dbo].[Country] ([Id], [Name], [CallingCode]) VALUES (126, N'Lao People''s Democratic Republic', 0)
INSERT [dbo].[Country] ([Id], [Name], [CallingCode]) VALUES (127, N'Latvia', 0)
INSERT [dbo].[Country] ([Id], [Name], [CallingCode]) VALUES (128, N'Lebanon', 0)
INSERT [dbo].[Country] ([Id], [Name], [CallingCode]) VALUES (129, N'Lesotho', 0)
INSERT [dbo].[Country] ([Id], [Name], [CallingCode]) VALUES (130, N'Liberia', 0)
INSERT [dbo].[Country] ([Id], [Name], [CallingCode]) VALUES (131, N'Libya', 0)
INSERT [dbo].[Country] ([Id], [Name], [CallingCode]) VALUES (132, N'Liechtenstein', 0)
INSERT [dbo].[Country] ([Id], [Name], [CallingCode]) VALUES (133, N'Lithuania', 0)
INSERT [dbo].[Country] ([Id], [Name], [CallingCode]) VALUES (134, N'Luxembourg', 0)
INSERT [dbo].[Country] ([Id], [Name], [CallingCode]) VALUES (135, N'Macao', 0)
INSERT [dbo].[Country] ([Id], [Name], [CallingCode]) VALUES (136, N'Macedonia (the former Yugoslav Republic of)', 0)
INSERT [dbo].[Country] ([Id], [Name], [CallingCode]) VALUES (137, N'Madagascar', 0)
INSERT [dbo].[Country] ([Id], [Name], [CallingCode]) VALUES (138, N'Malawi', 0)
INSERT [dbo].[Country] ([Id], [Name], [CallingCode]) VALUES (139, N'Malaysia', 0)
INSERT [dbo].[Country] ([Id], [Name], [CallingCode]) VALUES (140, N'Maldives', 0)
INSERT [dbo].[Country] ([Id], [Name], [CallingCode]) VALUES (141, N'Mali', 0)
INSERT [dbo].[Country] ([Id], [Name], [CallingCode]) VALUES (142, N'Malta', 0)
INSERT [dbo].[Country] ([Id], [Name], [CallingCode]) VALUES (143, N'Marshall Islands', 0)
INSERT [dbo].[Country] ([Id], [Name], [CallingCode]) VALUES (144, N'Martinique', 0)
INSERT [dbo].[Country] ([Id], [Name], [CallingCode]) VALUES (145, N'Mauritania', 0)
INSERT [dbo].[Country] ([Id], [Name], [CallingCode]) VALUES (146, N'Mauritius', 0)
INSERT [dbo].[Country] ([Id], [Name], [CallingCode]) VALUES (147, N'Mayotte', 0)
INSERT [dbo].[Country] ([Id], [Name], [CallingCode]) VALUES (148, N'Mexico', 0)
INSERT [dbo].[Country] ([Id], [Name], [CallingCode]) VALUES (149, N'Micronesia (Federated States of)', 0)
INSERT [dbo].[Country] ([Id], [Name], [CallingCode]) VALUES (150, N'Moldova (Republic of)', 0)
INSERT [dbo].[Country] ([Id], [Name], [CallingCode]) VALUES (151, N'Monaco', 0)
INSERT [dbo].[Country] ([Id], [Name], [CallingCode]) VALUES (152, N'Mongolia', 0)
INSERT [dbo].[Country] ([Id], [Name], [CallingCode]) VALUES (153, N'Montenegro', 0)
INSERT [dbo].[Country] ([Id], [Name], [CallingCode]) VALUES (154, N'Montserrat', 0)
INSERT [dbo].[Country] ([Id], [Name], [CallingCode]) VALUES (155, N'Morocco', 0)
INSERT [dbo].[Country] ([Id], [Name], [CallingCode]) VALUES (156, N'Mozambique', 0)
INSERT [dbo].[Country] ([Id], [Name], [CallingCode]) VALUES (157, N'Myanmar', 0)
INSERT [dbo].[Country] ([Id], [Name], [CallingCode]) VALUES (158, N'Namibia', 0)
INSERT [dbo].[Country] ([Id], [Name], [CallingCode]) VALUES (159, N'Nauru', 0)
INSERT [dbo].[Country] ([Id], [Name], [CallingCode]) VALUES (160, N'Nepal', 0)
INSERT [dbo].[Country] ([Id], [Name], [CallingCode]) VALUES (161, N'Netherlands', 0)
INSERT [dbo].[Country] ([Id], [Name], [CallingCode]) VALUES (162, N'New Caledonia', 0)
INSERT [dbo].[Country] ([Id], [Name], [CallingCode]) VALUES (163, N'New Zealand', 0)
INSERT [dbo].[Country] ([Id], [Name], [CallingCode]) VALUES (164, N'Nicaragua', 0)
INSERT [dbo].[Country] ([Id], [Name], [CallingCode]) VALUES (165, N'Niger', 0)
INSERT [dbo].[Country] ([Id], [Name], [CallingCode]) VALUES (166, N'Nigeria', 0)
INSERT [dbo].[Country] ([Id], [Name], [CallingCode]) VALUES (167, N'Niue', 0)
INSERT [dbo].[Country] ([Id], [Name], [CallingCode]) VALUES (168, N'Norfolk Island', 0)
INSERT [dbo].[Country] ([Id], [Name], [CallingCode]) VALUES (169, N'Korea (Democratic People''s Republic of)', 0)
INSERT [dbo].[Country] ([Id], [Name], [CallingCode]) VALUES (170, N'Northern Mariana Islands', 0)
INSERT [dbo].[Country] ([Id], [Name], [CallingCode]) VALUES (171, N'Norway', 0)
INSERT [dbo].[Country] ([Id], [Name], [CallingCode]) VALUES (172, N'Oman', 0)
INSERT [dbo].[Country] ([Id], [Name], [CallingCode]) VALUES (173, N'Pakistan', 0)
INSERT [dbo].[Country] ([Id], [Name], [CallingCode]) VALUES (174, N'Palau', 0)
INSERT [dbo].[Country] ([Id], [Name], [CallingCode]) VALUES (175, N'Palestine, State of', 0)
INSERT [dbo].[Country] ([Id], [Name], [CallingCode]) VALUES (176, N'Panama', 0)
INSERT [dbo].[Country] ([Id], [Name], [CallingCode]) VALUES (177, N'Papua New Guinea', 0)
INSERT [dbo].[Country] ([Id], [Name], [CallingCode]) VALUES (178, N'Paraguay', 0)
INSERT [dbo].[Country] ([Id], [Name], [CallingCode]) VALUES (179, N'Peru', 0)
INSERT [dbo].[Country] ([Id], [Name], [CallingCode]) VALUES (180, N'Philippines', 0)
INSERT [dbo].[Country] ([Id], [Name], [CallingCode]) VALUES (181, N'Pitcairn', 0)
INSERT [dbo].[Country] ([Id], [Name], [CallingCode]) VALUES (182, N'Poland', 0)
INSERT [dbo].[Country] ([Id], [Name], [CallingCode]) VALUES (183, N'Portugal', 0)
INSERT [dbo].[Country] ([Id], [Name], [CallingCode]) VALUES (184, N'Puerto Rico', 0)
INSERT [dbo].[Country] ([Id], [Name], [CallingCode]) VALUES (185, N'Qatar', 0)
INSERT [dbo].[Country] ([Id], [Name], [CallingCode]) VALUES (186, N'Republic of Kosovo', 0)
INSERT [dbo].[Country] ([Id], [Name], [CallingCode]) VALUES (187, N'Réunion', 0)
INSERT [dbo].[Country] ([Id], [Name], [CallingCode]) VALUES (188, N'Romania', 0)
INSERT [dbo].[Country] ([Id], [Name], [CallingCode]) VALUES (189, N'Russian Federation', 0)
INSERT [dbo].[Country] ([Id], [Name], [CallingCode]) VALUES (190, N'Rwanda', 0)
INSERT [dbo].[Country] ([Id], [Name], [CallingCode]) VALUES (191, N'Saint Barthélemy', 0)
INSERT [dbo].[Country] ([Id], [Name], [CallingCode]) VALUES (192, N'Saint Helena, Ascension and Tristan da Cunha', 0)
INSERT [dbo].[Country] ([Id], [Name], [CallingCode]) VALUES (193, N'Saint Kitts and Nevis', 0)
INSERT [dbo].[Country] ([Id], [Name], [CallingCode]) VALUES (194, N'Saint Lucia', 0)
INSERT [dbo].[Country] ([Id], [Name], [CallingCode]) VALUES (195, N'Saint Martin (French part)', 0)
INSERT [dbo].[Country] ([Id], [Name], [CallingCode]) VALUES (196, N'Saint Pierre and Miquelon', 0)
INSERT [dbo].[Country] ([Id], [Name], [CallingCode]) VALUES (197, N'Saint Vincent and the Grenadines', 0)
INSERT [dbo].[Country] ([Id], [Name], [CallingCode]) VALUES (198, N'Samoa', 0)
INSERT [dbo].[Country] ([Id], [Name], [CallingCode]) VALUES (199, N'San Marino', 0)
INSERT [dbo].[Country] ([Id], [Name], [CallingCode]) VALUES (200, N'Sao Tome and Principe', 0)
INSERT [dbo].[Country] ([Id], [Name], [CallingCode]) VALUES (201, N'Saudi Arabia', 0)
INSERT [dbo].[Country] ([Id], [Name], [CallingCode]) VALUES (202, N'Senegal', 0)
GO
INSERT [dbo].[Country] ([Id], [Name], [CallingCode]) VALUES (203, N'Serbia', 0)
INSERT [dbo].[Country] ([Id], [Name], [CallingCode]) VALUES (204, N'Seychelles', 0)
INSERT [dbo].[Country] ([Id], [Name], [CallingCode]) VALUES (205, N'Sierra Leone', 0)
INSERT [dbo].[Country] ([Id], [Name], [CallingCode]) VALUES (206, N'Singapore', 0)
INSERT [dbo].[Country] ([Id], [Name], [CallingCode]) VALUES (207, N'Sint Maarten (Dutch part)', 0)
INSERT [dbo].[Country] ([Id], [Name], [CallingCode]) VALUES (208, N'Slovakia', 0)
INSERT [dbo].[Country] ([Id], [Name], [CallingCode]) VALUES (209, N'Slovenia', 0)
INSERT [dbo].[Country] ([Id], [Name], [CallingCode]) VALUES (210, N'Solomon Islands', 0)
INSERT [dbo].[Country] ([Id], [Name], [CallingCode]) VALUES (211, N'Somalia', 0)
INSERT [dbo].[Country] ([Id], [Name], [CallingCode]) VALUES (212, N'South Africa', 0)
INSERT [dbo].[Country] ([Id], [Name], [CallingCode]) VALUES (213, N'South Georgia and the South Sandwich Islands', 0)
INSERT [dbo].[Country] ([Id], [Name], [CallingCode]) VALUES (214, N'Korea (Republic of)', 0)
INSERT [dbo].[Country] ([Id], [Name], [CallingCode]) VALUES (215, N'South Sudan', 0)
INSERT [dbo].[Country] ([Id], [Name], [CallingCode]) VALUES (216, N'Spain', 0)
INSERT [dbo].[Country] ([Id], [Name], [CallingCode]) VALUES (217, N'Sri Lanka', 0)
INSERT [dbo].[Country] ([Id], [Name], [CallingCode]) VALUES (218, N'Sudan', 0)
INSERT [dbo].[Country] ([Id], [Name], [CallingCode]) VALUES (219, N'Suriname', 0)
INSERT [dbo].[Country] ([Id], [Name], [CallingCode]) VALUES (220, N'Svalbard and Jan Mayen', 0)
INSERT [dbo].[Country] ([Id], [Name], [CallingCode]) VALUES (221, N'Swaziland', 0)
INSERT [dbo].[Country] ([Id], [Name], [CallingCode]) VALUES (222, N'Sweden', 0)
INSERT [dbo].[Country] ([Id], [Name], [CallingCode]) VALUES (223, N'Switzerland', 0)
INSERT [dbo].[Country] ([Id], [Name], [CallingCode]) VALUES (224, N'Syrian Arab Republic', 0)
INSERT [dbo].[Country] ([Id], [Name], [CallingCode]) VALUES (225, N'Taiwan, Province of China', 0)
INSERT [dbo].[Country] ([Id], [Name], [CallingCode]) VALUES (226, N'Tajikistan', 0)
INSERT [dbo].[Country] ([Id], [Name], [CallingCode]) VALUES (227, N'Tanzania, United Republic of', 0)
INSERT [dbo].[Country] ([Id], [Name], [CallingCode]) VALUES (228, N'Thailand', 0)
INSERT [dbo].[Country] ([Id], [Name], [CallingCode]) VALUES (229, N'Timor-Leste', 0)
INSERT [dbo].[Country] ([Id], [Name], [CallingCode]) VALUES (230, N'Togo', 0)
INSERT [dbo].[Country] ([Id], [Name], [CallingCode]) VALUES (231, N'Tokelau', 0)
INSERT [dbo].[Country] ([Id], [Name], [CallingCode]) VALUES (232, N'Tonga', 0)
INSERT [dbo].[Country] ([Id], [Name], [CallingCode]) VALUES (233, N'Trinidad and Tobago', 0)
INSERT [dbo].[Country] ([Id], [Name], [CallingCode]) VALUES (234, N'Tunisia', 0)
INSERT [dbo].[Country] ([Id], [Name], [CallingCode]) VALUES (235, N'Turkey', 0)
INSERT [dbo].[Country] ([Id], [Name], [CallingCode]) VALUES (236, N'Turkmenistan', 0)
INSERT [dbo].[Country] ([Id], [Name], [CallingCode]) VALUES (237, N'Turks and Caicos Islands', 0)
INSERT [dbo].[Country] ([Id], [Name], [CallingCode]) VALUES (238, N'Tuvalu', 0)
INSERT [dbo].[Country] ([Id], [Name], [CallingCode]) VALUES (239, N'Uganda', 0)
INSERT [dbo].[Country] ([Id], [Name], [CallingCode]) VALUES (240, N'Ukraine', 0)
INSERT [dbo].[Country] ([Id], [Name], [CallingCode]) VALUES (241, N'United Arab Emirates', 0)
INSERT [dbo].[Country] ([Id], [Name], [CallingCode]) VALUES (242, N'United Kingdom of Great Britain and Northern Ireland', 0)
INSERT [dbo].[Country] ([Id], [Name], [CallingCode]) VALUES (243, N'United States of America', 0)
INSERT [dbo].[Country] ([Id], [Name], [CallingCode]) VALUES (244, N'Uruguay', 0)
INSERT [dbo].[Country] ([Id], [Name], [CallingCode]) VALUES (245, N'Uzbekistan', 0)
INSERT [dbo].[Country] ([Id], [Name], [CallingCode]) VALUES (246, N'Vanuatu', 0)
INSERT [dbo].[Country] ([Id], [Name], [CallingCode]) VALUES (247, N'Venezuela (Bolivarian Republic of)', 0)
INSERT [dbo].[Country] ([Id], [Name], [CallingCode]) VALUES (248, N'Viet Nam', 0)
INSERT [dbo].[Country] ([Id], [Name], [CallingCode]) VALUES (249, N'Wallis and Futuna', 0)
INSERT [dbo].[Country] ([Id], [Name], [CallingCode]) VALUES (250, N'Western Sahara', 0)
INSERT [dbo].[Country] ([Id], [Name], [CallingCode]) VALUES (251, N'Yemen', 0)
INSERT [dbo].[Country] ([Id], [Name], [CallingCode]) VALUES (252, N'Zambia', 0)
INSERT [dbo].[Country] ([Id], [Name], [CallingCode]) VALUES (253, N'Zimbabwe', 0)
SET IDENTITY_INSERT [dbo].[Country] OFF
SET IDENTITY_INSERT [dbo].[Title] ON 

INSERT [dbo].[Title] ([Id], [Name]) VALUES (1, N'Mr.')
INSERT [dbo].[Title] ([Id], [Name]) VALUES (2, N'Dr.')
INSERT [dbo].[Title] ([Id], [Name]) VALUES (3, N'Mrs.')
SET IDENTITY_INSERT [dbo].[Title] OFF
SET IDENTITY_INSERT [dbo].[Track] ON 

INSERT [dbo].[Track] ([Id], [Name], [Description], [FK_ConferenceId]) VALUES (2, N'Adult Health Nursing', NULL, 8)
INSERT [dbo].[Track] ([Id], [Name], [Description], [FK_ConferenceId]) VALUES (3, N'Nano Medicine', NULL, 8)
INSERT [dbo].[Track] ([Id], [Name], [Description], [FK_ConferenceId]) VALUES (4, N'Adult Health Nursing', NULL, 8)
INSERT [dbo].[Track] ([Id], [Name], [Description], [FK_ConferenceId]) VALUES (5, N'Critical Care Nursing & Emergency Nursing', NULL, 8)
INSERT [dbo].[Track] ([Id], [Name], [Description], [FK_ConferenceId]) VALUES (6, N'Cardiac Nursing', NULL, 8)
INSERT [dbo].[Track] ([Id], [Name], [Description], [FK_ConferenceId]) VALUES (7, N'Clinical Nursing', NULL, 8)
INSERT [dbo].[Track] ([Id], [Name], [Description], [FK_ConferenceId]) VALUES (8, N'Dental Nursing', NULL, 8)
INSERT [dbo].[Track] ([Id], [Name], [Description], [FK_ConferenceId]) VALUES (9, N'Environmental Health Nursing', NULL, 8)
INSERT [dbo].[Track] ([Id], [Name], [Description], [FK_ConferenceId]) VALUES (10, N'Legal Nursing', NULL, 8)
INSERT [dbo].[Track] ([Id], [Name], [Description], [FK_ConferenceId]) VALUES (11, N'Nursing Education and Research', NULL, 8)
INSERT [dbo].[Track] ([Id], [Name], [Description], [FK_ConferenceId]) VALUES (12, N'Types of Nursing', NULL, 8)
INSERT [dbo].[Track] ([Id], [Name], [Description], [FK_ConferenceId]) VALUES (13, N'Women Health Nursing', NULL, 8)
INSERT [dbo].[Track] ([Id], [Name], [Description], [FK_ConferenceId]) VALUES (14, N'Psychiatric and Mental Health Nursing', NULL, 8)
INSERT [dbo].[Track] ([Id], [Name], [Description], [FK_ConferenceId]) VALUES (15, N'Public Health', NULL, 8)
INSERT [dbo].[Track] ([Id], [Name], [Description], [FK_ConferenceId]) VALUES (16, N'Anatomy and Physiology of Ear, Nose, and Throat', NULL, 9)
INSERT [dbo].[Track] ([Id], [Name], [Description], [FK_ConferenceId]) VALUES (17, N'Innovation and Research in Otolaryngology ', NULL, 9)
INSERT [dbo].[Track] ([Id], [Name], [Description], [FK_ConferenceId]) VALUES (18, N'Rhinology and Otology', NULL, 9)
INSERT [dbo].[Track] ([Id], [Name], [Description], [FK_ConferenceId]) VALUES (19, N'Laryngology', NULL, 9)
INSERT [dbo].[Track] ([Id], [Name], [Description], [FK_ConferenceId]) VALUES (20, N'Surgery Approaches for Ear, Nose and Throat', NULL, 9)
INSERT [dbo].[Track] ([Id], [Name], [Description], [FK_ConferenceId]) VALUES (21, N'Head and Neck Surgery', NULL, 9)
INSERT [dbo].[Track] ([Id], [Name], [Description], [FK_ConferenceId]) VALUES (22, N'Sino nasal Disorders and Surgical Treatment', NULL, 9)
INSERT [dbo].[Track] ([Id], [Name], [Description], [FK_ConferenceId]) VALUES (23, N'Facial Plastic and Reconstructive Surgery', NULL, 9)
INSERT [dbo].[Track] ([Id], [Name], [Description], [FK_ConferenceId]) VALUES (24, N'Pediatric Otolaryngology', NULL, 9)
INSERT [dbo].[Track] ([Id], [Name], [Description], [FK_ConferenceId]) VALUES (25, N'Phoniatry and Obstructive sleep apnea', NULL, 9)
INSERT [dbo].[Track] ([Id], [Name], [Description], [FK_ConferenceId]) VALUES (26, N'Cancer Vaccine', NULL, 10)
INSERT [dbo].[Track] ([Id], [Name], [Description], [FK_ConferenceId]) VALUES (27, N'Vaccine Research and Development', NULL, 10)
INSERT [dbo].[Track] ([Id], [Name], [Description], [FK_ConferenceId]) VALUES (28, N'Advance in Vaccine and Vaccination', NULL, 10)
INSERT [dbo].[Track] ([Id], [Name], [Description], [FK_ConferenceId]) VALUES (29, N'Treatment methods in Vaccines', NULL, 10)
INSERT [dbo].[Track] ([Id], [Name], [Description], [FK_ConferenceId]) VALUES (30, N'DNA Vaccine ', NULL, 10)
INSERT [dbo].[Track] ([Id], [Name], [Description], [FK_ConferenceId]) VALUES (31, N'Immunization and Infectious Diseases', NULL, 10)
INSERT [dbo].[Track] ([Id], [Name], [Description], [FK_ConferenceId]) VALUES (32, N'Human Vaccines', NULL, 10)
INSERT [dbo].[Track] ([Id], [Name], [Description], [FK_ConferenceId]) VALUES (33, N'Vaccine Safety and Efficacy ', NULL, 10)
INSERT [dbo].[Track] ([Id], [Name], [Description], [FK_ConferenceId]) VALUES (34, N'Future Growth of Vaccine and Vaccination', NULL, 10)
INSERT [dbo].[Track] ([Id], [Name], [Description], [FK_ConferenceId]) VALUES (35, N'Pediatric Vaccine ', NULL, 10)
INSERT [dbo].[Track] ([Id], [Name], [Description], [FK_ConferenceId]) VALUES (36, N'Geriatric Vaccine', NULL, 10)
INSERT [dbo].[Track] ([Id], [Name], [Description], [FK_ConferenceId]) VALUES (37, N'Veterinary Vaccine', NULL, 10)
INSERT [dbo].[Track] ([Id], [Name], [Description], [FK_ConferenceId]) VALUES (38, N'Disease Prevention, Control and Therapeutic Vaccines ', NULL, 10)
INSERT [dbo].[Track] ([Id], [Name], [Description], [FK_ConferenceId]) VALUES (39, N'Nanotech for Energy and Environment', NULL, 11)
INSERT [dbo].[Track] ([Id], [Name], [Description], [FK_ConferenceId]) VALUES (40, N'Nanoscience and Technology', NULL, 11)
INSERT [dbo].[Track] ([Id], [Name], [Description], [FK_ConferenceId]) VALUES (41, N'Nano Medicine', NULL, 11)
INSERT [dbo].[Track] ([Id], [Name], [Description], [FK_ConferenceId]) VALUES (42, N'Nano Electronics', NULL, 11)
INSERT [dbo].[Track] ([Id], [Name], [Description], [FK_ConferenceId]) VALUES (43, N'Molecular Nanotechnology', NULL, 11)
INSERT [dbo].[Track] ([Id], [Name], [Description], [FK_ConferenceId]) VALUES (44, N'Nano Toxicology', NULL, 11)
INSERT [dbo].[Track] ([Id], [Name], [Description], [FK_ConferenceId]) VALUES (45, N'Nano Topography', NULL, 11)
INSERT [dbo].[Track] ([Id], [Name], [Description], [FK_ConferenceId]) VALUES (46, N'Nano Fluidics', NULL, 11)
INSERT [dbo].[Track] ([Id], [Name], [Description], [FK_ConferenceId]) VALUES (47, N'Nano Weapons', NULL, 11)
INSERT [dbo].[Track] ([Id], [Name], [Description], [FK_ConferenceId]) VALUES (48, N'Nano Biotechnology', NULL, 11)
INSERT [dbo].[Track] ([Id], [Name], [Description], [FK_ConferenceId]) VALUES (49, N'Nanotechnology in Water treatment', NULL, 11)
INSERT [dbo].[Track] ([Id], [Name], [Description], [FK_ConferenceId]) VALUES (50, N'Nano Composites', NULL, 11)
INSERT [dbo].[Track] ([Id], [Name], [Description], [FK_ConferenceId]) VALUES (51, N'Nanoscale', NULL, 11)
INSERT [dbo].[Track] ([Id], [Name], [Description], [FK_ConferenceId]) VALUES (52, N'Advanced Nanomaterials', NULL, 11)
INSERT [dbo].[Track] ([Id], [Name], [Description], [FK_ConferenceId]) VALUES (53, N'Membrane science and TechnologyNanomaterials', NULL, 12)
INSERT [dbo].[Track] ([Id], [Name], [Description], [FK_ConferenceId]) VALUES (54, N'Solvent Extraction', NULL, 12)
INSERT [dbo].[Track] ([Id], [Name], [Description], [FK_ConferenceId]) VALUES (55, N'Solid Phase Extraction', NULL, 12)
INSERT [dbo].[Track] ([Id], [Name], [Description], [FK_ConferenceId]) VALUES (57, N'Absorption and Adsorption Technology', NULL, 12)
INSERT [dbo].[Track] ([Id], [Name], [Description], [FK_ConferenceId]) VALUES (59, N'Chromatography', NULL, 12)
INSERT [dbo].[Track] ([Id], [Name], [Description], [FK_ConferenceId]) VALUES (60, N'Advances in Chromatographic Instrumentation', NULL, 12)
INSERT [dbo].[Track] ([Id], [Name], [Description], [FK_ConferenceId]) VALUES (61, N'New stationary phases for GC and HPLC', NULL, 12)
INSERT [dbo].[Track] ([Id], [Name], [Description], [FK_ConferenceId]) VALUES (62, N'Hyphenated techniques', NULL, 12)
INSERT [dbo].[Track] ([Id], [Name], [Description], [FK_ConferenceId]) VALUES (87, N'Pregnancy & Midwifery', NULL, 8)
INSERT [dbo].[Track] ([Id], [Name], [Description], [FK_ConferenceId]) VALUES (88, N'Surgical Nursing', NULL, 8)
INSERT [dbo].[Track] ([Id], [Name], [Description], [FK_ConferenceId]) VALUES (89, N'Nursing Practice', NULL, 8)
INSERT [dbo].[Track] ([Id], [Name], [Description], [FK_ConferenceId]) VALUES (91, N'Nursing & Healthcare Management', NULL, 8)
INSERT [dbo].[Track] ([Id], [Name], [Description], [FK_ConferenceId]) VALUES (92, N'Nurse Practitioners Updates', NULL, 8)
INSERT [dbo].[Track] ([Id], [Name], [Description], [FK_ConferenceId]) VALUES (93, N'Disaster Nursing', NULL, 8)
INSERT [dbo].[Track] ([Id], [Name], [Description], [FK_ConferenceId]) VALUES (94, N'Travel Nursing', NULL, 8)
INSERT [dbo].[Track] ([Id], [Name], [Description], [FK_ConferenceId]) VALUES (95, N'Types of nursing', NULL, 8)
INSERT [dbo].[Track] ([Id], [Name], [Description], [FK_ConferenceId]) VALUES (96, N'Competence of nurses in ICU', NULL, 8)
INSERT [dbo].[Track] ([Id], [Name], [Description], [FK_ConferenceId]) VALUES (97, N'Cancer and Tumour nursing', NULL, 8)
INSERT [dbo].[Track] ([Id], [Name], [Description], [FK_ConferenceId]) VALUES (98, N'Community Nursing', NULL, 8)
INSERT [dbo].[Track] ([Id], [Name], [Description], [FK_ConferenceId]) VALUES (99, N'Pediatric Nursing', NULL, 8)
INSERT [dbo].[Track] ([Id], [Name], [Description], [FK_ConferenceId]) VALUES (101, N'Post operatory Nursing', NULL, 8)
INSERT [dbo].[Track] ([Id], [Name], [Description], [FK_ConferenceId]) VALUES (102, N'Transitional Care Nursing', NULL, 8)
INSERT [dbo].[Track] ([Id], [Name], [Description], [FK_ConferenceId]) VALUES (103, N'Veterinary Nursing', NULL, 8)
INSERT [dbo].[Track] ([Id], [Name], [Description], [FK_ConferenceId]) VALUES (104, N'Cardiovascular Nursing', NULL, 8)
INSERT [dbo].[Track] ([Id], [Name], [Description], [FK_ConferenceId]) VALUES (105, N'Nursing Law’s', NULL, 8)
INSERT [dbo].[Track] ([Id], [Name], [Description], [FK_ConferenceId]) VALUES (106, N'Nursing credentials and certifications', NULL, 8)
INSERT [dbo].[Track] ([Id], [Name], [Description], [FK_ConferenceId]) VALUES (107, N'Nursing Informatics', NULL, 8)
INSERT [dbo].[Track] ([Id], [Name], [Description], [FK_ConferenceId]) VALUES (108, N'Nursing Research', NULL, 8)
INSERT [dbo].[Track] ([Id], [Name], [Description], [FK_ConferenceId]) VALUES (109, N'Evidence-Based Nursing', NULL, 8)
INSERT [dbo].[Track] ([Id], [Name], [Description], [FK_ConferenceId]) VALUES (110, N'Anatomical and Physiological Disorders of Nose and Ear', NULL, 9)
INSERT [dbo].[Track] ([Id], [Name], [Description], [FK_ConferenceId]) VALUES (111, N'Sinusitis, Rhinitis and Rhinosinusitis - Types and Treatment', NULL, 9)
INSERT [dbo].[Track] ([Id], [Name], [Description], [FK_ConferenceId]) VALUES (112, N'Ear Disorders', NULL, 9)
INSERT [dbo].[Track] ([Id], [Name], [Description], [FK_ConferenceId]) VALUES (113, N'Surgical Approaches for Middle and Inner ear Diseases', NULL, 9)
INSERT [dbo].[Track] ([Id], [Name], [Description], [FK_ConferenceId]) VALUES (114, N'ENT Infectious Diseases', NULL, 9)
INSERT [dbo].[Track] ([Id], [Name], [Description], [FK_ConferenceId]) VALUES (115, N'Anaesthesia and pain relief in Ear, Nose and Throat Surgery', NULL, 9)
INSERT [dbo].[Track] ([Id], [Name], [Description], [FK_ConferenceId]) VALUES (116, N'Rhinitis and Rhinosinusitis', NULL, 9)
INSERT [dbo].[Track] ([Id], [Name], [Description], [FK_ConferenceId]) VALUES (118, N'Operative Otolaryngology', NULL, 9)
INSERT [dbo].[Track] ([Id], [Name], [Description], [FK_ConferenceId]) VALUES (119, N'Revision Surgery in Otolaryngology', NULL, 9)
INSERT [dbo].[Track] ([Id], [Name], [Description], [FK_ConferenceId]) VALUES (120, N'Geriatric Otolaryngology', NULL, 9)
INSERT [dbo].[Track] ([Id], [Name], [Description], [FK_ConferenceId]) VALUES (121, N'Instruments in Otolaryngology', NULL, 9)
INSERT [dbo].[Track] ([Id], [Name], [Description], [FK_ConferenceId]) VALUES (122, N'Clinical Practice in Otolaryngology', NULL, 9)
INSERT [dbo].[Track] ([Id], [Name], [Description], [FK_ConferenceId]) VALUES (124, N'Biological Vaccine', NULL, 10)
INSERT [dbo].[Track] ([Id], [Name], [Description], [FK_ConferenceId]) VALUES (125, N'Nano Computational Modelling', NULL, 11)
INSERT [dbo].[Track] ([Id], [Name], [Description], [FK_ConferenceId]) VALUES (126, N'Nano Materials Synthesis and Characterisation', NULL, 11)
INSERT [dbo].[Track] ([Id], [Name], [Description], [FK_ConferenceId]) VALUES (127, N'Nano biomaterials', NULL, 11)
INSERT [dbo].[Track] ([Id], [Name], [Description], [FK_ConferenceId]) VALUES (128, N'Molecular Mimics', NULL, 11)
INSERT [dbo].[Track] ([Id], [Name], [Description], [FK_ConferenceId]) VALUES (129, N'Nano photonics', NULL, 11)
INSERT [dbo].[Track] ([Id], [Name], [Description], [FK_ConferenceId]) VALUES (130, N'Nanotechnology Safety', NULL, 11)
GO
INSERT [dbo].[Track] ([Id], [Name], [Description], [FK_ConferenceId]) VALUES (131, N'Nanotechnology and Cosmetics', NULL, 11)
INSERT [dbo].[Track] ([Id], [Name], [Description], [FK_ConferenceId]) VALUES (132, N'Nanotechnology in Tissue Engineering', NULL, 11)
INSERT [dbo].[Track] ([Id], [Name], [Description], [FK_ConferenceId]) VALUES (133, N'Nanotechnology in Agriculture and Food Industry', NULL, 11)
INSERT [dbo].[Track] ([Id], [Name], [Description], [FK_ConferenceId]) VALUES (134, N'Nano And Micro Emulsions', NULL, 11)
INSERT [dbo].[Track] ([Id], [Name], [Description], [FK_ConferenceId]) VALUES (135, N'Nano magnetism', NULL, 11)
INSERT [dbo].[Track] ([Id], [Name], [Description], [FK_ConferenceId]) VALUES (136, N'Nanotechnology For Energy Systems', NULL, 11)
INSERT [dbo].[Track] ([Id], [Name], [Description], [FK_ConferenceId]) VALUES (137, N'Green Nanotechnology', NULL, 11)
INSERT [dbo].[Track] ([Id], [Name], [Description], [FK_ConferenceId]) VALUES (138, N'Fundamentals of Nano Science', NULL, 11)
INSERT [dbo].[Track] ([Id], [Name], [Description], [FK_ConferenceId]) VALUES (139, N'Fullerens and carbon forms', NULL, 11)
INSERT [dbo].[Track] ([Id], [Name], [Description], [FK_ConferenceId]) VALUES (140, N'Nano particles and Colloids', NULL, 11)
INSERT [dbo].[Track] ([Id], [Name], [Description], [FK_ConferenceId]) VALUES (141, N'Molecular self-Assembly', NULL, 11)
INSERT [dbo].[Track] ([Id], [Name], [Description], [FK_ConferenceId]) VALUES (142, N'Nano Electronics', NULL, 11)
INSERT [dbo].[Track] ([Id], [Name], [Description], [FK_ConferenceId]) VALUES (143, N'Molecular Electronics', NULL, 11)
INSERT [dbo].[Track] ([Id], [Name], [Description], [FK_ConferenceId]) VALUES (144, N'Nanolithography', NULL, 11)
INSERT [dbo].[Track] ([Id], [Name], [Description], [FK_ConferenceId]) VALUES (145, N'Molecular Nano technology', NULL, 11)
INSERT [dbo].[Track] ([Id], [Name], [Description], [FK_ConferenceId]) VALUES (146, N'Nano devices', NULL, 11)
INSERT [dbo].[Track] ([Id], [Name], [Description], [FK_ConferenceId]) VALUES (147, N'Scanning Probe Microscopy', NULL, 11)
INSERT [dbo].[Track] ([Id], [Name], [Description], [FK_ConferenceId]) VALUES (148, N'Nano robotics', NULL, 11)
INSERT [dbo].[Track] ([Id], [Name], [Description], [FK_ConferenceId]) VALUES (149, N'Polymer Engineering', NULL, 11)
INSERT [dbo].[Track] ([Id], [Name], [Description], [FK_ConferenceId]) VALUES (150, N'Industrial Nanotechnology', NULL, 11)
INSERT [dbo].[Track] ([Id], [Name], [Description], [FK_ConferenceId]) VALUES (151, N'Maternity vaccines', NULL, 10)
INSERT [dbo].[Track] ([Id], [Name], [Description], [FK_ConferenceId]) VALUES (152, N'Hepatitis Vaccines', NULL, 8)
INSERT [dbo].[Track] ([Id], [Name], [Description], [FK_ConferenceId]) VALUES (153, N'HIV Vaccines', NULL, 10)
INSERT [dbo].[Track] ([Id], [Name], [Description], [FK_ConferenceId]) VALUES (154, N'Sample preparation techniques', NULL, 12)
INSERT [dbo].[Track] ([Id], [Name], [Description], [FK_ConferenceId]) VALUES (155, N'Phases equilibria', NULL, 12)
INSERT [dbo].[Track] ([Id], [Name], [Description], [FK_ConferenceId]) VALUES (156, N'Purification Technology Advances', NULL, 12)
INSERT [dbo].[Track] ([Id], [Name], [Description], [FK_ConferenceId]) VALUES (157, N'Waste Water Treatment', NULL, 12)
INSERT [dbo].[Track] ([Id], [Name], [Description], [FK_ConferenceId]) VALUES (158, N'CO2- capture', NULL, 12)
INSERT [dbo].[Track] ([Id], [Name], [Description], [FK_ConferenceId]) VALUES (159, N'Novel detection schemes', NULL, 12)
INSERT [dbo].[Track] ([Id], [Name], [Description], [FK_ConferenceId]) VALUES (160, N'ionic liquids in Separation sciences', NULL, 12)
INSERT [dbo].[Track] ([Id], [Name], [Description], [FK_ConferenceId]) VALUES (161, N'Novel instrumentation in separation science', NULL, 12)
INSERT [dbo].[Track] ([Id], [Name], [Description], [FK_ConferenceId]) VALUES (162, N'Electrophoresis', NULL, 12)
INSERT [dbo].[Track] ([Id], [Name], [Description], [FK_ConferenceId]) VALUES (163, N'Biorefining', NULL, 12)
INSERT [dbo].[Track] ([Id], [Name], [Description], [FK_ConferenceId]) VALUES (164, N'Flotation', NULL, 12)
INSERT [dbo].[Track] ([Id], [Name], [Description], [FK_ConferenceId]) VALUES (165, N'Polymerization', NULL, 12)
INSERT [dbo].[Track] ([Id], [Name], [Description], [FK_ConferenceId]) VALUES (166, N'Analytical separations', NULL, 12)
INSERT [dbo].[Track] ([Id], [Name], [Description], [FK_ConferenceId]) VALUES (167, N'Crystallization', NULL, 12)
INSERT [dbo].[Track] ([Id], [Name], [Description], [FK_ConferenceId]) VALUES (168, N'Distillation', NULL, 12)
INSERT [dbo].[Track] ([Id], [Name], [Description], [FK_ConferenceId]) VALUES (169, N'Extraction/Leaching', NULL, 12)
INSERT [dbo].[Track] ([Id], [Name], [Description], [FK_ConferenceId]) VALUES (170, N'Downstream Processing Techniques', NULL, 12)
INSERT [dbo].[Track] ([Id], [Name], [Description], [FK_ConferenceId]) VALUES (171, N'Intact Protein Separations', NULL, 12)
INSERT [dbo].[Track] ([Id], [Name], [Description], [FK_ConferenceId]) VALUES (172, N'Affinity/Selective Separations', NULL, 12)
INSERT [dbo].[Track] ([Id], [Name], [Description], [FK_ConferenceId]) VALUES (173, N'Advances in Coupled Detection Techniques', NULL, 12)
INSERT [dbo].[Track] ([Id], [Name], [Description], [FK_ConferenceId]) VALUES (174, N'Advances in Mass Spectrometry', NULL, 12)
INSERT [dbo].[Track] ([Id], [Name], [Description], [FK_ConferenceId]) VALUES (175, N'Multidimensional Separation Techniques', NULL, 12)
INSERT [dbo].[Track] ([Id], [Name], [Description], [FK_ConferenceId]) VALUES (176, N'Applications in Food and Consumer Product Safety.', NULL, 12)
INSERT [dbo].[Track] ([Id], [Name], [Description], [FK_ConferenceId]) VALUES (177, N'Environmental and Industrial Applications', NULL, 12)
INSERT [dbo].[Track] ([Id], [Name], [Description], [FK_ConferenceId]) VALUES (178, N'Complementary Separation Techniques', NULL, 12)
INSERT [dbo].[Track] ([Id], [Name], [Description], [FK_ConferenceId]) VALUES (179, N'Green Technologies, Future Challenges and Trends', NULL, 12)
INSERT [dbo].[Track] ([Id], [Name], [Description], [FK_ConferenceId]) VALUES (180, N'Immunization safety', NULL, 10)
INSERT [dbo].[Track] ([Id], [Name], [Description], [FK_ConferenceId]) VALUES (181, N'Vaccine Production', NULL, 10)
INSERT [dbo].[Track] ([Id], [Name], [Description], [FK_ConferenceId]) VALUES (182, N'Neonatal Vaccines', NULL, 10)
INSERT [dbo].[Track] ([Id], [Name], [Description], [FK_ConferenceId]) VALUES (183, N'Hepatitis Vaccines', NULL, 10)
INSERT [dbo].[Track] ([Id], [Name], [Description], [FK_ConferenceId]) VALUES (184, N'Smart Infrastructure and Construction', NULL, 13)
INSERT [dbo].[Track] ([Id], [Name], [Description], [FK_ConferenceId]) VALUES (185, N'Healthcare Infrastructure ', NULL, 13)
INSERT [dbo].[Track] ([Id], [Name], [Description], [FK_ConferenceId]) VALUES (186, N'Housing and Infrastructure ', NULL, 13)
INSERT [dbo].[Track] ([Id], [Name], [Description], [FK_ConferenceId]) VALUES (187, N'Infrastructure Asset Management ', NULL, 13)
INSERT [dbo].[Track] ([Id], [Name], [Description], [FK_ConferenceId]) VALUES (188, N'Construction and Engineering', NULL, 13)
INSERT [dbo].[Track] ([Id], [Name], [Description], [FK_ConferenceId]) VALUES (189, N'Architecture and Civil Engineering', NULL, 13)
INSERT [dbo].[Track] ([Id], [Name], [Description], [FK_ConferenceId]) VALUES (190, N'Infrastructure Investment', NULL, 13)
INSERT [dbo].[Track] ([Id], [Name], [Description], [FK_ConferenceId]) VALUES (191, N'Research, Advances, and Innovations in Infrastructure', NULL, 13)
INSERT [dbo].[Track] ([Id], [Name], [Description], [FK_ConferenceId]) VALUES (192, N'Water Infrastructure', NULL, 13)
INSERT [dbo].[Track] ([Id], [Name], [Description], [FK_ConferenceId]) VALUES (193, N'Road planning, Design and Transportation', NULL, 13)
INSERT [dbo].[Track] ([Id], [Name], [Description], [FK_ConferenceId]) VALUES (194, N'Power infrastructure', NULL, 13)
INSERT [dbo].[Track] ([Id], [Name], [Description], [FK_ConferenceId]) VALUES (195, N'Social Infrastructure', NULL, 13)
INSERT [dbo].[Track] ([Id], [Name], [Description], [FK_ConferenceId]) VALUES (196, N'Situation Analysis: Current and Future Issues', NULL, 13)
INSERT [dbo].[Track] ([Id], [Name], [Description], [FK_ConferenceId]) VALUES (197, N'Urbanization, Energy Supply and Transportation Construction', NULL, 13)
INSERT [dbo].[Track] ([Id], [Name], [Description], [FK_ConferenceId]) VALUES (198, N'Sustainable Development and Competitiveness', NULL, 13)
INSERT [dbo].[Track] ([Id], [Name], [Description], [FK_ConferenceId]) VALUES (199, N'Innovation and Sustainable Infrastructure', NULL, 13)
INSERT [dbo].[Track] ([Id], [Name], [Description], [FK_ConferenceId]) VALUES (200, N'Sustainable Materials, Tools and Methodologies', NULL, 13)
INSERT [dbo].[Track] ([Id], [Name], [Description], [FK_ConferenceId]) VALUES (201, N'Sustainable Cities, Society and Culture', NULL, 13)
INSERT [dbo].[Track] ([Id], [Name], [Description], [FK_ConferenceId]) VALUES (202, N'Urbanization and Sustainable Construction', NULL, 13)
INSERT [dbo].[Track] ([Id], [Name], [Description], [FK_ConferenceId]) VALUES (203, N'Low-energy and high-performance materials', NULL, 13)
INSERT [dbo].[Track] ([Id], [Name], [Description], [FK_ConferenceId]) VALUES (204, N'Advanced technologies and Smart solutions', NULL, 13)
INSERT [dbo].[Track] ([Id], [Name], [Description], [FK_ConferenceId]) VALUES (205, N'Environment protection and Green transport infrastructure', NULL, 13)
INSERT [dbo].[Track] ([Id], [Name], [Description], [FK_ConferenceId]) VALUES (206, N'Safety, security and diagnostics of structures', NULL, 13)
INSERT [dbo].[Track] ([Id], [Name], [Description], [FK_ConferenceId]) VALUES (207, N'Infrastructure Financing', NULL, 13)
INSERT [dbo].[Track] ([Id], [Name], [Description], [FK_ConferenceId]) VALUES (208, N'Infrastructure and Transport Management', NULL, 13)
INSERT [dbo].[Track] ([Id], [Name], [Description], [FK_ConferenceId]) VALUES (209, N'Graphene Technologies', NULL, 11)
INSERT [dbo].[Track] ([Id], [Name], [Description], [FK_ConferenceId]) VALUES (210, N'Others', NULL, 11)
SET IDENTITY_INSERT [dbo].[Track] OFF
SET IDENTITY_INSERT [dbo].[AbstractsSubmitted] ON 

INSERT [dbo].[AbstractsSubmitted] ([Id], [SubmittedBy], [EmailId], [Telephone], [Organisation], [FK_CategoryId], [FK_TrackID], [DocName], [FK_TitleId], [FK_ContryId], [FK_ConferenceId]) VALUES (9, N'Naveen Kumar', N'naveen4854@gmail.com', NULL, NULL, 1, 91, N'17432b48-447c-4d80-80f6-20c029aad938_IMG_20161002_202610.jpg', 1, 108, 8)
INSERT [dbo].[AbstractsSubmitted] ([Id], [SubmittedBy], [EmailId], [Telephone], [Organisation], [FK_CategoryId], [FK_TrackID], [DocName], [FK_TitleId], [FK_ContryId], [FK_ConferenceId]) VALUES (10, N'Naveen Kumar', N'naveen4854@gmail.com', NULL, NULL, 1, 91, N'4142f07d-213a-419d-86d4-a9284f7ac955_IMG_20161002_202610.jpg', 1, 108, 8)
INSERT [dbo].[AbstractsSubmitted] ([Id], [SubmittedBy], [EmailId], [Telephone], [Organisation], [FK_CategoryId], [FK_TrackID], [DocName], [FK_TitleId], [FK_ContryId], [FK_ConferenceId]) VALUES (11, N'Naveen Kumar', N'naveen4854@gmail.com', NULL, NULL, 1, 92, N'722462df-6562-4158-a2b6-07071f93c32d_script.sql', 1, 108, 8)
INSERT [dbo].[AbstractsSubmitted] ([Id], [SubmittedBy], [EmailId], [Telephone], [Organisation], [FK_CategoryId], [FK_TrackID], [DocName], [FK_TitleId], [FK_ContryId], [FK_ConferenceId]) VALUES (12, N'Naveen Kumar', N'naveen4854@gmail.com', NULL, NULL, 1, 92, N'7471ae08-25d2-4341-bee6-65dfb7a91ef8_script.sql', 1, 108, 8)
INSERT [dbo].[AbstractsSubmitted] ([Id], [SubmittedBy], [EmailId], [Telephone], [Organisation], [FK_CategoryId], [FK_TrackID], [DocName], [FK_TitleId], [FK_ContryId], [FK_ConferenceId]) VALUES (13, N'Naveen Kumar', N'naveen4854@gmail.com', NULL, NULL, 1, 92, N'73056d1f-4eb7-48b9-87bd-9be758e91523_script.sql', 1, 108, 8)
INSERT [dbo].[AbstractsSubmitted] ([Id], [SubmittedBy], [EmailId], [Telephone], [Organisation], [FK_CategoryId], [FK_TrackID], [DocName], [FK_TitleId], [FK_ContryId], [FK_ConferenceId]) VALUES (14, N'Naveen Kumar', N'naveen4854@gmail.com', NULL, NULL, 1, 91, N'97955c8b-0ff9-498b-977a-16074d0851c5_script.sql', 1, 21, 8)
INSERT [dbo].[AbstractsSubmitted] ([Id], [SubmittedBy], [EmailId], [Telephone], [Organisation], [FK_CategoryId], [FK_TrackID], [DocName], [FK_TitleId], [FK_ContryId], [FK_ConferenceId]) VALUES (15, N'Naveen Kumar', N'naveen4854@gmail.com', NULL, N'Meridium', 1, 6, N'6eb572b2-9364-4856-be20-e7b038de7f06_script.sql', 1, 108, 8)
INSERT [dbo].[AbstractsSubmitted] ([Id], [SubmittedBy], [EmailId], [Telephone], [Organisation], [FK_CategoryId], [FK_TrackID], [DocName], [FK_TitleId], [FK_ContryId], [FK_ConferenceId]) VALUES (16, N'Naveen Kumar', N'naveen4854@gmail.com', NULL, NULL, 1, 118, N'23e12229-e309-4ee8-a735-0a28290ed9ad_script.sql', 1, 21, 9)
INSERT [dbo].[AbstractsSubmitted] ([Id], [SubmittedBy], [EmailId], [Telephone], [Organisation], [FK_CategoryId], [FK_TrackID], [DocName], [FK_TitleId], [FK_ContryId], [FK_ConferenceId]) VALUES (17, N'saikrishna rudhra', N'saikrishna.rudhra@gmail.com', NULL, N'Fgj hhj', 1, 28, N'5403bd50-b7b5-48c8-a74a-fb5f9e7ef7e0_IMG-20170417-WA0003.jpg', 1, 108, 10)
INSERT [dbo].[AbstractsSubmitted] ([Id], [SubmittedBy], [EmailId], [Telephone], [Organisation], [FK_CategoryId], [FK_TrackID], [DocName], [FK_TitleId], [FK_ContryId], [FK_ConferenceId]) VALUES (18, N'ery', N'wef@ww.com', NULL, N'er', 1, 127, N'371f59be-bc13-4d50-867c-5e2c6d1435e5_new template plain speaker.docx', 1, 21, 11)
INSERT [dbo].[AbstractsSubmitted] ([Id], [SubmittedBy], [EmailId], [Telephone], [Organisation], [FK_CategoryId], [FK_TrackID], [DocName], [FK_TitleId], [FK_ContryId], [FK_ConferenceId]) VALUES (19, N'sdf', N'df@we.com', NULL, N'df', 1, 133, N'c13640dc-e0ab-4eb1-a726-de254a921338_new template plain speaker.docx', 1, 21, 11)
INSERT [dbo].[AbstractsSubmitted] ([Id], [SubmittedBy], [EmailId], [Telephone], [Organisation], [FK_CategoryId], [FK_TrackID], [DocName], [FK_TitleId], [FK_ContryId], [FK_ConferenceId]) VALUES (20, N'Test', N'test@gmail.com', NULL, N'Test', 1, 116, N'61793955-b42f-4c56-b70c-5fd10105259e_New Text Document.txt', 1, 108, 9)
INSERT [dbo].[AbstractsSubmitted] ([Id], [SubmittedBy], [EmailId], [Telephone], [Organisation], [FK_CategoryId], [FK_TrackID], [DocName], [FK_TitleId], [FK_ContryId], [FK_ConferenceId]) VALUES (21, N'sai krishna', N'saikrishnarudhra@gmail.com', NULL, N'SG', 1, 37, N'13d9ad9a-515a-4137-a0b8-26030b2abd53_sep techniques. Abstract Template.docx', 2, 108, 10)
INSERT [dbo].[AbstractsSubmitted] ([Id], [SubmittedBy], [EmailId], [Telephone], [Organisation], [FK_CategoryId], [FK_TrackID], [DocName], [FK_TitleId], [FK_ContryId], [FK_ConferenceId]) VALUES (22, N'Test', N'xyz@gmail.com', NULL, N'Test', 1, 110, N'2b916db7-8db9-4510-862b-634aa8a9acb5_New Microsoft Word Document.docx', 1, 18, 9)
INSERT [dbo].[AbstractsSubmitted] ([Id], [SubmittedBy], [EmailId], [Telephone], [Organisation], [FK_CategoryId], [FK_TrackID], [DocName], [FK_TitleId], [FK_ContryId], [FK_ConferenceId]) VALUES (23, N'Test', N'test@gmail.com', NULL, N'Test', 1, 113, N'51237903-6177-40db-a09b-98669d117030_New Microsoft Word Document.docx', 2, 10, 9)
INSERT [dbo].[AbstractsSubmitted] ([Id], [SubmittedBy], [EmailId], [Telephone], [Organisation], [FK_CategoryId], [FK_TrackID], [DocName], [FK_TitleId], [FK_ContryId], [FK_ConferenceId]) VALUES (24, N'Test', N'test@gmail.com', NULL, N'Test', 1, 15, N'6a0bbbe9-e12e-41c0-a6e0-70427e5175e2_New Microsoft Word Document.docx', 1, 11, 8)
INSERT [dbo].[AbstractsSubmitted] ([Id], [SubmittedBy], [EmailId], [Telephone], [Organisation], [FK_CategoryId], [FK_TrackID], [DocName], [FK_TitleId], [FK_ContryId], [FK_ConferenceId]) VALUES (25, N'krishna', N'saikrishnarudhra@gmail.com', NULL, N'SDF', 1, 156, N'81e8e972-7ec7-49af-97b6-2cbefa09a276_Scientific Cognizance.docx', 1, 7, 12)
INSERT [dbo].[AbstractsSubmitted] ([Id], [SubmittedBy], [EmailId], [Telephone], [Organisation], [FK_CategoryId], [FK_TrackID], [DocName], [FK_TitleId], [FK_ContryId], [FK_ConferenceId]) VALUES (26, N'sai krishna', N'saikrishnarudhra@gmail.com', NULL, N'dfsdf', 1, 115, N'8143e966-947a-49d0-9394-c96eb78c6b9d_sep techniques. Abstract Template.docx', 2, 108, 9)
INSERT [dbo].[AbstractsSubmitted] ([Id], [SubmittedBy], [EmailId], [Telephone], [Organisation], [FK_CategoryId], [FK_TrackID], [DocName], [FK_TitleId], [FK_ContryId], [FK_ConferenceId]) VALUES (27, N'sai krishna', N'saikrishnarudhra@gmail.com', NULL, N'MGHS', 1, 113, N'dba765ad-6fd0-4709-96e8-01dc2c4a7f18_thanks for downloading the broucher.docx', 2, 108, 9)
INSERT [dbo].[AbstractsSubmitted] ([Id], [SubmittedBy], [EmailId], [Telephone], [Organisation], [FK_CategoryId], [FK_TrackID], [DocName], [FK_TitleId], [FK_ContryId], [FK_ConferenceId]) VALUES (28, N'sai krishna', N'saikrishnarudhra@gmail.com', NULL, N'MGHS', 1, 113, N'ad60881e-db0f-412e-bcd3-a417ee2ee2d8_thanks for downloading the broucher.docx', 2, 108, 9)
INSERT [dbo].[AbstractsSubmitted] ([Id], [SubmittedBy], [EmailId], [Telephone], [Organisation], [FK_CategoryId], [FK_TrackID], [DocName], [FK_TitleId], [FK_ContryId], [FK_ConferenceId]) VALUES (29, N'sai krishna', N'saikrishnarudhra@gmail.com', NULL, N'MGHS', 1, 114, N'ff943906-b881-482e-8e84-1edafbb1e682_thanks for downloading the broucher.docx', 1, 108, 9)
INSERT [dbo].[AbstractsSubmitted] ([Id], [SubmittedBy], [EmailId], [Telephone], [Organisation], [FK_CategoryId], [FK_TrackID], [DocName], [FK_TitleId], [FK_ContryId], [FK_ConferenceId]) VALUES (30, N'sai krishna', N'saikrishnarudhra@gmail.com', NULL, N'MGHS', 1, 116, N'9585fc53-5c43-4592-bb29-14951708021f_thanks for downloading the broucher.docx', 1, 17, 9)
INSERT [dbo].[AbstractsSubmitted] ([Id], [SubmittedBy], [EmailId], [Telephone], [Organisation], [FK_CategoryId], [FK_TrackID], [DocName], [FK_TitleId], [FK_ContryId], [FK_ConferenceId]) VALUES (31, N'Test', N'test@gmail.com', NULL, N'Test', 1, 113, N'e5fcb7e7-80a9-4b26-ae03-18be38974cd4_New Microsoft Word Document.docx', 1, 19, 9)
INSERT [dbo].[AbstractsSubmitted] ([Id], [SubmittedBy], [EmailId], [Telephone], [Organisation], [FK_CategoryId], [FK_TrackID], [DocName], [FK_TitleId], [FK_ContryId], [FK_ConferenceId]) VALUES (32, N'Naveen Kumar', N'naveen4854@gmail.com', NULL, NULL, 1, 118, N'fddd9f27-5578-427b-be07-fbd4e223146b_backside.jpeg', 1, 22, 9)
INSERT [dbo].[AbstractsSubmitted] ([Id], [SubmittedBy], [EmailId], [Telephone], [Organisation], [FK_CategoryId], [FK_TrackID], [DocName], [FK_TitleId], [FK_ContryId], [FK_ConferenceId]) VALUES (33, N'Naveen Kumar', N'naveen4854@gmail.com', NULL, NULL, 1, 118, N'1c332d74-bbd9-483d-8b1e-1bc8fcd2f66a_backside.jpeg', 1, 22, 9)
INSERT [dbo].[AbstractsSubmitted] ([Id], [SubmittedBy], [EmailId], [Telephone], [Organisation], [FK_CategoryId], [FK_TrackID], [DocName], [FK_TitleId], [FK_ContryId], [FK_ConferenceId]) VALUES (34, N'Naveen Kumar', N'naveen4854@gmail.com', NULL, NULL, 1, 118, N'7b008898-d480-4828-bd4a-53b60ce27dc3_backside.jpeg', 1, 22, 9)
INSERT [dbo].[AbstractsSubmitted] ([Id], [SubmittedBy], [EmailId], [Telephone], [Organisation], [FK_CategoryId], [FK_TrackID], [DocName], [FK_TitleId], [FK_ContryId], [FK_ConferenceId]) VALUES (35, N'Naveen Kumar', N'naveen4854@gmail.com', NULL, NULL, 1, 118, N'fce26f9f-fc9f-425f-8626-0d73bfab3d83_backside.jpeg', 1, 22, 9)
INSERT [dbo].[AbstractsSubmitted] ([Id], [SubmittedBy], [EmailId], [Telephone], [Organisation], [FK_CategoryId], [FK_TrackID], [DocName], [FK_TitleId], [FK_ContryId], [FK_ConferenceId]) VALUES (36, N'Naveen Kumar', N'naveen4854@gmail.com', NULL, NULL, 1, 118, N'996db370-845f-4894-afb7-332612e91fb6_backside.jpeg', 1, 21, 9)
INSERT [dbo].[AbstractsSubmitted] ([Id], [SubmittedBy], [EmailId], [Telephone], [Organisation], [FK_CategoryId], [FK_TrackID], [DocName], [FK_TitleId], [FK_ContryId], [FK_ConferenceId]) VALUES (37, N'Naveen Kumar', N'naveen4854@gmail.com', NULL, NULL, 1, 118, N'0361fa7c-32db-4ddb-be7a-2c7482aa3ba7_backside.jpeg', 1, 21, 9)
INSERT [dbo].[AbstractsSubmitted] ([Id], [SubmittedBy], [EmailId], [Telephone], [Organisation], [FK_CategoryId], [FK_TrackID], [DocName], [FK_TitleId], [FK_ContryId], [FK_ConferenceId]) VALUES (38, N'sai', N'saikrishnarudhra@gmail.com', NULL, N'mghs', 1, 124, N'0264c477-e991-4889-bfe4-3b1acda3af24_hotels.docx', 1, 19, 10)
INSERT [dbo].[AbstractsSubmitted] ([Id], [SubmittedBy], [EmailId], [Telephone], [Organisation], [FK_CategoryId], [FK_TrackID], [DocName], [FK_TitleId], [FK_ContryId], [FK_ConferenceId]) VALUES (39, N'Naveen Kumar', N'naveen4854@gmail.com', NULL, NULL, 1, 116, N'55db818e-a11e-4d3f-98d3-94c3e9a5b0f5_backside.jpeg', 1, 21, 9)
INSERT [dbo].[AbstractsSubmitted] ([Id], [SubmittedBy], [EmailId], [Telephone], [Organisation], [FK_CategoryId], [FK_TrackID], [DocName], [FK_TitleId], [FK_ContryId], [FK_ConferenceId]) VALUES (40, N'Naveen Kumar', N'naveen4854@gmail.com', NULL, NULL, 1, 118, N'4a277c89-5917-4c18-ac0d-0e7f1591f736_backside.jpeg', 1, 22, 9)
INSERT [dbo].[AbstractsSubmitted] ([Id], [SubmittedBy], [EmailId], [Telephone], [Organisation], [FK_CategoryId], [FK_TrackID], [DocName], [FK_TitleId], [FK_ContryId], [FK_ConferenceId]) VALUES (41, N'Naveen Kumar', N'naveen4854@gmail.com', NULL, NULL, 1, 119, N'ca397fc6-99a3-4eb9-809a-0fcb5fab3c57_backside.jpeg', 1, 22, 9)
INSERT [dbo].[AbstractsSubmitted] ([Id], [SubmittedBy], [EmailId], [Telephone], [Organisation], [FK_CategoryId], [FK_TrackID], [DocName], [FK_TitleId], [FK_ContryId], [FK_ConferenceId]) VALUES (42, N'Naveen Kumar', N'naveen4854@gmail.com', NULL, NULL, 1, 116, N'54a4f09c-874b-4d03-a704-a2b17ead6f61_backside.jpeg', 1, 21, 9)
INSERT [dbo].[AbstractsSubmitted] ([Id], [SubmittedBy], [EmailId], [Telephone], [Organisation], [FK_CategoryId], [FK_TrackID], [DocName], [FK_TitleId], [FK_ContryId], [FK_ConferenceId]) VALUES (43, N'Naveen Kumar', N'naveen4854@gmail.com', NULL, NULL, 1, 118, N'7c945cb3-5022-40b2-b4d0-288c66840b13_backside.jpeg', 1, 19, 9)
INSERT [dbo].[AbstractsSubmitted] ([Id], [SubmittedBy], [EmailId], [Telephone], [Organisation], [FK_CategoryId], [FK_TrackID], [DocName], [FK_TitleId], [FK_ContryId], [FK_ConferenceId]) VALUES (44, N'Naveen Kumar', N'naveen4854@gmail.com', NULL, NULL, 1, 119, N'abfbb24b-f922-47b7-8b69-5887925f9f7b_backside.jpeg', 1, 21, 9)
INSERT [dbo].[AbstractsSubmitted] ([Id], [SubmittedBy], [EmailId], [Telephone], [Organisation], [FK_CategoryId], [FK_TrackID], [DocName], [FK_TitleId], [FK_ContryId], [FK_ConferenceId]) VALUES (45, N'Test', N'TEst@gmail.com', NULL, N'Test', 1, 24, N'a9344104-2156-4d27-ac9d-9237a2e597d5_New Microsoft Word Document.docx', 1, 17, 9)
INSERT [dbo].[AbstractsSubmitted] ([Id], [SubmittedBy], [EmailId], [Telephone], [Organisation], [FK_CategoryId], [FK_TrackID], [DocName], [FK_TitleId], [FK_ContryId], [FK_ConferenceId]) VALUES (46, N'Test', N'Test@gmail.com', NULL, N'Test', 1, 118, N'62e3bffd-0f30-42f7-8a7c-7696d8a57a18_New Microsoft Word Document.docx', 1, 15, 9)
INSERT [dbo].[AbstractsSubmitted] ([Id], [SubmittedBy], [EmailId], [Telephone], [Organisation], [FK_CategoryId], [FK_TrackID], [DocName], [FK_TitleId], [FK_ContryId], [FK_ConferenceId]) VALUES (47, N'TEst', N'test@gmail.com', NULL, N'Test', 1, 116, N'3e64b1d9-6aec-4a73-bc91-ca24a221c909_New Microsoft Word Document.docx', 1, 6, 9)
INSERT [dbo].[AbstractsSubmitted] ([Id], [SubmittedBy], [EmailId], [Telephone], [Organisation], [FK_CategoryId], [FK_TrackID], [DocName], [FK_TitleId], [FK_ContryId], [FK_ConferenceId]) VALUES (48, N'Naveen Kumar', N'naveen4854@gmail.com', NULL, NULL, 1, 116, N'f2ba1d74-bf3f-4e0f-8ffc-1133cfd4c784_backside.jpeg', 1, 22, 9)
INSERT [dbo].[AbstractsSubmitted] ([Id], [SubmittedBy], [EmailId], [Telephone], [Organisation], [FK_CategoryId], [FK_TrackID], [DocName], [FK_TitleId], [FK_ContryId], [FK_ConferenceId]) VALUES (49, N'Naveen Kumar', N'naveen4854@gmail.com', NULL, NULL, 1, 116, N'ce34bc6e-3165-4e0c-8463-0fb9dcdf3553_backside.jpeg', 1, 22, 9)
INSERT [dbo].[AbstractsSubmitted] ([Id], [SubmittedBy], [EmailId], [Telephone], [Organisation], [FK_CategoryId], [FK_TrackID], [DocName], [FK_TitleId], [FK_ContryId], [FK_ConferenceId]) VALUES (50, N'Naveen Kumar', N'naveen4854@gmail.com', NULL, NULL, 1, 116, N'879d5b0c-b918-4b1f-b88d-9c51a831b0a0_backside.jpeg', 1, 22, 9)
INSERT [dbo].[AbstractsSubmitted] ([Id], [SubmittedBy], [EmailId], [Telephone], [Organisation], [FK_CategoryId], [FK_TrackID], [DocName], [FK_TitleId], [FK_ContryId], [FK_ConferenceId]) VALUES (51, N'Test', N'test@gmail.com', NULL, N'Test', 1, 116, N'6b572b88-e0c1-4372-bc26-b78318108825_New Microsoft Word Document.docx', 1, 19, 9)
INSERT [dbo].[AbstractsSubmitted] ([Id], [SubmittedBy], [EmailId], [Telephone], [Organisation], [FK_CategoryId], [FK_TrackID], [DocName], [FK_TitleId], [FK_ContryId], [FK_ConferenceId]) VALUES (52, N'Test', N'test@gmail.com', NULL, N'Test', 1, 115, N'a27b1314-ba6a-4963-95dd-3209a984d5c1_New Microsoft Word Document.docx', 1, 20, 9)
INSERT [dbo].[AbstractsSubmitted] ([Id], [SubmittedBy], [EmailId], [Telephone], [Organisation], [FK_CategoryId], [FK_TrackID], [DocName], [FK_TitleId], [FK_ContryId], [FK_ConferenceId]) VALUES (53, N'test', N'test@gmail.com', NULL, N'test', 1, 89, N'11d9296d-8457-4e6f-95a1-65d98a67ed78_New Microsoft Word Document.docx', 1, 21, 8)
INSERT [dbo].[AbstractsSubmitted] ([Id], [SubmittedBy], [EmailId], [Telephone], [Organisation], [FK_CategoryId], [FK_TrackID], [DocName], [FK_TitleId], [FK_ContryId], [FK_ConferenceId]) VALUES (54, N'krishna', N'saikrishnarudhra@gmail.com', NULL, N'dfdf', 1, 124, N'43af31ab-01af-4c10-8d37-3fe9d24c2a27_hotels.docx', 1, 18, 10)
INSERT [dbo].[AbstractsSubmitted] ([Id], [SubmittedBy], [EmailId], [Telephone], [Organisation], [FK_CategoryId], [FK_TrackID], [DocName], [FK_TitleId], [FK_ContryId], [FK_ConferenceId]) VALUES (55, N'krishna', N'saikrishnarudhra@gmail.com', NULL, N'dfdf', 1, 124, N'8592e338-7e34-4969-a31a-45df8db5f38d_hotels.docx', 1, 18, 10)
INSERT [dbo].[AbstractsSubmitted] ([Id], [SubmittedBy], [EmailId], [Telephone], [Organisation], [FK_CategoryId], [FK_TrackID], [DocName], [FK_TitleId], [FK_ContryId], [FK_ConferenceId]) VALUES (56, N'krishna', N'saikrishnarudhra@gmail.com', NULL, N'MGHS', 1, 124, N'83236d20-81f8-430e-b706-29bdf8c62048_hotels.docx', 1, 18, 10)
INSERT [dbo].[AbstractsSubmitted] ([Id], [SubmittedBy], [EmailId], [Telephone], [Organisation], [FK_CategoryId], [FK_TrackID], [DocName], [FK_TitleId], [FK_ContryId], [FK_ConferenceId]) VALUES (57, N'krishna', N'saikrishnarudhra@gmail.com', NULL, N'MGHS', 1, 124, N'5cb070d6-3959-4540-981b-7be5542dbf13_hotels.docx', 1, 108, 10)
INSERT [dbo].[AbstractsSubmitted] ([Id], [SubmittedBy], [EmailId], [Telephone], [Organisation], [FK_CategoryId], [FK_TrackID], [DocName], [FK_TitleId], [FK_ContryId], [FK_ConferenceId]) VALUES (58, N'krishna', N'saikrishnarudhra@gmail.com', NULL, N'MGHS', 1, 124, N'85491631-bb72-432c-9331-e5210c618d9e_hotels.docx', 1, 108, 10)
INSERT [dbo].[AbstractsSubmitted] ([Id], [SubmittedBy], [EmailId], [Telephone], [Organisation], [FK_CategoryId], [FK_TrackID], [DocName], [FK_TitleId], [FK_ContryId], [FK_ConferenceId]) VALUES (59, N'krishna', N'saikrishnarudhra@gmail.com', NULL, N'MGHS', 1, 124, N'83e236f9-b9d9-4780-bdd1-4127af9823cb_hotels.docx', 1, 108, 10)
INSERT [dbo].[AbstractsSubmitted] ([Id], [SubmittedBy], [EmailId], [Telephone], [Organisation], [FK_CategoryId], [FK_TrackID], [DocName], [FK_TitleId], [FK_ContryId], [FK_ConferenceId]) VALUES (60, N'krishna', N'saikrishnarudhra@gmail.com', NULL, N'MGHS', 1, 124, N'5386a687-4e72-472f-81a2-7b1de49a9227_hotels.docx', 1, 108, 10)
INSERT [dbo].[AbstractsSubmitted] ([Id], [SubmittedBy], [EmailId], [Telephone], [Organisation], [FK_CategoryId], [FK_TrackID], [DocName], [FK_TitleId], [FK_ContryId], [FK_ConferenceId]) VALUES (61, N'krishna', N'saikrishnarudhra@gmail.com', NULL, N'MGHS', 1, 36, N'65f63b48-7a59-46ae-91b1-4234d4f8e721_hotels.docx', 1, 108, 10)
INSERT [dbo].[AbstractsSubmitted] ([Id], [SubmittedBy], [EmailId], [Telephone], [Organisation], [FK_CategoryId], [FK_TrackID], [DocName], [FK_TitleId], [FK_ContryId], [FK_ConferenceId]) VALUES (62, N'krishna', N'saikrishnarudhra@gmail.com', NULL, N'MGHS', 1, 36, N'9593a7b5-58fe-4aa0-b536-166e245e9a68_hotels.docx', 1, 108, 10)
INSERT [dbo].[AbstractsSubmitted] ([Id], [SubmittedBy], [EmailId], [Telephone], [Organisation], [FK_CategoryId], [FK_TrackID], [DocName], [FK_TitleId], [FK_ContryId], [FK_ConferenceId]) VALUES (63, N'krishna', N'saikrishnarudhra@gmail.com', NULL, N'MGHS', 1, 36, N'163b9534-20bd-45e3-9ff4-be3a11d0ff19_hotels.docx', 1, 108, 10)
INSERT [dbo].[AbstractsSubmitted] ([Id], [SubmittedBy], [EmailId], [Telephone], [Organisation], [FK_CategoryId], [FK_TrackID], [DocName], [FK_TitleId], [FK_ContryId], [FK_ConferenceId]) VALUES (64, N'Mani', N'mani123deep@gmail.com', NULL, N'Scientific', 1, 116, N'f6daf0fa-b0c5-44a8-af7a-0bd83801699e_New Microsoft Word Document.docx', 1, 18, 9)
INSERT [dbo].[AbstractsSubmitted] ([Id], [SubmittedBy], [EmailId], [Telephone], [Organisation], [FK_CategoryId], [FK_TrackID], [DocName], [FK_TitleId], [FK_ContryId], [FK_ConferenceId]) VALUES (65, N'Mani', N'mani123deep@gmail.com', NULL, N'Scientific', 1, 115, N'8228b059-8224-4eeb-9501-efbe8810bccc_New Microsoft Word Document.docx', 1, 21, 9)
INSERT [dbo].[AbstractsSubmitted] ([Id], [SubmittedBy], [EmailId], [Telephone], [Organisation], [FK_CategoryId], [FK_TrackID], [DocName], [FK_TitleId], [FK_ContryId], [FK_ConferenceId]) VALUES (66, N'Naveen Kumar', N'naveen4854@gmail.com', NULL, NULL, 1, 118, N'bb99d2fc-38c4-4749-9666-dc8c47d48723_EventManagement.doc', 1, 18, 9)
INSERT [dbo].[AbstractsSubmitted] ([Id], [SubmittedBy], [EmailId], [Telephone], [Organisation], [FK_CategoryId], [FK_TrackID], [DocName], [FK_TitleId], [FK_ContryId], [FK_ConferenceId]) VALUES (67, N'Naveen Kumar', N'naveen4854@gmail.com', NULL, NULL, 1, 118, N'0ccdcf80-5153-48bb-a110-72e2b6a876fa_EventManagement.doc', 1, 18, 9)
INSERT [dbo].[AbstractsSubmitted] ([Id], [SubmittedBy], [EmailId], [Telephone], [Organisation], [FK_CategoryId], [FK_TrackID], [DocName], [FK_TitleId], [FK_ContryId], [FK_ConferenceId]) VALUES (68, N'Naveen Kumar', N'naveen4854@gmail.com', NULL, NULL, 1, 118, N'a23a26e4-0839-4974-942e-0e10497d96de_EventManagement.doc', 1, 18, 9)
INSERT [dbo].[AbstractsSubmitted] ([Id], [SubmittedBy], [EmailId], [Telephone], [Organisation], [FK_CategoryId], [FK_TrackID], [DocName], [FK_TitleId], [FK_ContryId], [FK_ConferenceId]) VALUES (69, N'Naveen Kumar', N'naveen4854@gmail.com', NULL, NULL, 1, 118, N'6d9e5b49-18e4-4aea-883e-692c5dfaeef8_EventManagement.doc', 1, 21, 9)
INSERT [dbo].[AbstractsSubmitted] ([Id], [SubmittedBy], [EmailId], [Telephone], [Organisation], [FK_CategoryId], [FK_TrackID], [DocName], [FK_TitleId], [FK_ContryId], [FK_ConferenceId]) VALUES (70, N'Sai Krishna Rudhra', N'saikrishnarudhra@gmail.com', NULL, N'HMC', 1, 37, N'786e4b8f-ca3e-4f9b-b9c1-5797d763757e_hotels.docx', 1, 17, 10)
INSERT [dbo].[AbstractsSubmitted] ([Id], [SubmittedBy], [EmailId], [Telephone], [Organisation], [FK_CategoryId], [FK_TrackID], [DocName], [FK_TitleId], [FK_ContryId], [FK_ConferenceId]) VALUES (71, N'Mani', N'mani123deep@gmail.com', NULL, N'Scientific', 1, 118, N'0c79e75a-025a-4ea9-ad3e-d769079b9c24_New Microsoft Word Document.docx', 1, 19, 9)
INSERT [dbo].[AbstractsSubmitted] ([Id], [SubmittedBy], [EmailId], [Telephone], [Organisation], [FK_CategoryId], [FK_TrackID], [DocName], [FK_TitleId], [FK_ContryId], [FK_ConferenceId]) VALUES (72, N'Mani', N'mani123deep@gmail.com', NULL, N'Scientific', 1, 113, N'1a322525-8b8f-4aa1-a1f7-f0eed1cb9211_New Microsoft Word Document.docx', 1, 20, 9)
INSERT [dbo].[AbstractsSubmitted] ([Id], [SubmittedBy], [EmailId], [Telephone], [Organisation], [FK_CategoryId], [FK_TrackID], [DocName], [FK_TitleId], [FK_ContryId], [FK_ConferenceId]) VALUES (73, N'sai krishna Rudhra', N'saikrishnarudhra@gmail.com', NULL, N'GHMC', 1, 37, N'9125c987-1067-4fb2-b1a2-b1d827553a09_letter header  .docx', 1, 13, 10)
INSERT [dbo].[AbstractsSubmitted] ([Id], [SubmittedBy], [EmailId], [Telephone], [Organisation], [FK_CategoryId], [FK_TrackID], [DocName], [FK_TitleId], [FK_ContryId], [FK_ConferenceId]) VALUES (74, N'saikrishnarudhra@gmail.com', N'saikrishnarudhra@gmail.com', NULL, N'HMNC', 1, 113, N'3f90e365-fb46-43d9-9cc0-f0c62abd23c5_Registration policy final one.docx', 1, 108, 9)
INSERT [dbo].[AbstractsSubmitted] ([Id], [SubmittedBy], [EmailId], [Telephone], [Organisation], [FK_CategoryId], [FK_TrackID], [DocName], [FK_TitleId], [FK_ContryId], [FK_ConferenceId]) VALUES (75, N'Mani', N'mani123deep@gmail.com', NULL, N'Scientific', 1, 113, N'cc80aa69-62ee-4db4-b447-aa08f3cf2e7c_New Microsoft Word Document.docx', 1, 21, 9)
INSERT [dbo].[AbstractsSubmitted] ([Id], [SubmittedBy], [EmailId], [Telephone], [Organisation], [FK_CategoryId], [FK_TrackID], [DocName], [FK_TitleId], [FK_ContryId], [FK_ConferenceId]) VALUES (76, N'Mani', N'mani123deep@gmail.com', NULL, N'Scientific', 1, 114, N'e9a87257-ffe5-4d34-ad1e-6be0c1870367_New Microsoft Word Document.docx', 1, 19, 9)
INSERT [dbo].[AbstractsSubmitted] ([Id], [SubmittedBy], [EmailId], [Telephone], [Organisation], [FK_CategoryId], [FK_TrackID], [DocName], [FK_TitleId], [FK_ContryId], [FK_ConferenceId]) VALUES (77, N'Mani', N'mani123deep@gmail.com', NULL, N'Scientific', 1, 118, N'11f96379-934a-492d-9f77-30501d2265ae_New Microsoft Word Document.docx', 1, 21, 9)
INSERT [dbo].[AbstractsSubmitted] ([Id], [SubmittedBy], [EmailId], [Telephone], [Organisation], [FK_CategoryId], [FK_TrackID], [DocName], [FK_TitleId], [FK_ContryId], [FK_ConferenceId]) VALUES (78, N'krishna', N'saikirshnarudhra@gmail.com', NULL, N'dfdf', 1, 113, N'86d96ed6-2080-46f6-820d-148fe7fb9e16_Flow chat abstract.docx', 1, 108, 9)
INSERT [dbo].[AbstractsSubmitted] ([Id], [SubmittedBy], [EmailId], [Telephone], [Organisation], [FK_CategoryId], [FK_TrackID], [DocName], [FK_TitleId], [FK_ContryId], [FK_ConferenceId]) VALUES (79, N'Mani', N'mani123deep@gmail.com', NULL, N'Scientific', 1, 115, N'120c2887-090c-4c94-822c-6dbd28e98276_New Microsoft Word Document.docx', 1, 108, 9)
INSERT [dbo].[AbstractsSubmitted] ([Id], [SubmittedBy], [EmailId], [Telephone], [Organisation], [FK_CategoryId], [FK_TrackID], [DocName], [FK_TitleId], [FK_ContryId], [FK_ConferenceId]) VALUES (80, N'Mani', N'mani123deep@gmail.com', NULL, N'Scientific', 1, 116, N'cf663d1f-2ff7-4053-9d36-7f3dcf1a0a68_New Microsoft Word Document.docx', 1, 108, 9)
INSERT [dbo].[AbstractsSubmitted] ([Id], [SubmittedBy], [EmailId], [Telephone], [Organisation], [FK_CategoryId], [FK_TrackID], [DocName], [FK_TitleId], [FK_ContryId], [FK_ConferenceId]) VALUES (81, N'krishna', N'saikrishnarudhra@gmail.com', NULL, N'dfdf', 1, 115, N'af53437c-77f4-4e28-b09b-0f4acb653ec2_New Microsoft Word Document (2).docx', 1, 108, 9)
INSERT [dbo].[AbstractsSubmitted] ([Id], [SubmittedBy], [EmailId], [Telephone], [Organisation], [FK_CategoryId], [FK_TrackID], [DocName], [FK_TitleId], [FK_ContryId], [FK_ConferenceId]) VALUES (82, N'Mani', N'mani123deep@gmail.com', NULL, N'Scientific', 1, 115, N'd5cbc4fa-7868-4f6e-abb4-656f20feaec0_New Microsoft Word Document.docx', 1, 108, 9)
INSERT [dbo].[AbstractsSubmitted] ([Id], [SubmittedBy], [EmailId], [Telephone], [Organisation], [FK_CategoryId], [FK_TrackID], [DocName], [FK_TitleId], [FK_ContryId], [FK_ConferenceId]) VALUES (83, N'Mani', N'mani123deep@gmail.com', NULL, N'Scientific', 1, 114, N'1491a5d1-3ab9-4597-ac45-7e9a58eddbc2_Otolaryngology.docx', 1, 108, 9)
INSERT [dbo].[AbstractsSubmitted] ([Id], [SubmittedBy], [EmailId], [Telephone], [Organisation], [FK_CategoryId], [FK_TrackID], [DocName], [FK_TitleId], [FK_ContryId], [FK_ConferenceId]) VALUES (84, N'Yewubdar Gulelat Zemedhun', N'yewub2@yahoo.com', NULL, N'Dilla University ', 1, 31, N'32d1c7e2-42cf-4c76-ae4b-5494fb76baec_Yewubdar Abstract.pdf', 2, 76, 10)
INSERT [dbo].[AbstractsSubmitted] ([Id], [SubmittedBy], [EmailId], [Telephone], [Organisation], [FK_CategoryId], [FK_TrackID], [DocName], [FK_TitleId], [FK_ContryId], [FK_ConferenceId]) VALUES (85, N'REKHA ROSE KOSHY', N'rekhakoshy2@gmail.com', N'8891619557', N'BISHOP MOORE COLLEGE', 1, 50, N'3f84f11f-fd27-4cf5-89a4-ee7f7d587a43_tio2.docx', 3, 108, 11)
INSERT [dbo].[AbstractsSubmitted] ([Id], [SubmittedBy], [EmailId], [Telephone], [Organisation], [FK_CategoryId], [FK_TrackID], [DocName], [FK_TitleId], [FK_ContryId], [FK_ConferenceId]) VALUES (86, N'Sai Pramukh', N'pramukhdasari@gmail.com', N'9985650693', N'er', 1, 128, N'56f4af82-ae1e-42bb-a25c-0dced36d9b23_Rekha.docx', 1, 10, 11)
INSERT [dbo].[AbstractsSubmitted] ([Id], [SubmittedBy], [EmailId], [Telephone], [Organisation], [FK_CategoryId], [FK_TrackID], [DocName], [FK_TitleId], [FK_ContryId], [FK_ConferenceId]) VALUES (87, N'Mani', N'mani123deep@gmail.com', N'9000546266', N'Scientific', 1, 197, N'da933cb8-57be-42ed-a530-6416dedb486c_Geneva M Edwards.docx', 1, 108, 13)
SET IDENTITY_INSERT [dbo].[AbstractsSubmitted] OFF
SET IDENTITY_INSERT [dbo].[ConferenceImages] ON 

INSERT [dbo].[ConferenceImages] ([Id], [FK_ConferenceId], [ImageUrl], [Active]) VALUES (12, 9, N'62dea002-1d8b-424e-9a74-93306e88c0a8_1.jpg', 0)
INSERT [dbo].[ConferenceImages] ([Id], [FK_ConferenceId], [ImageUrl], [Active]) VALUES (13, 9, N'35662744-663b-4934-a17a-873e7377d03d_5.jpg', 0)
INSERT [dbo].[ConferenceImages] ([Id], [FK_ConferenceId], [ImageUrl], [Active]) VALUES (14, 9, N'7822097e-e865-4af2-afa7-b936e0b6629c_6.jpg', 0)
INSERT [dbo].[ConferenceImages] ([Id], [FK_ConferenceId], [ImageUrl], [Active]) VALUES (16, 10, N'686c4326-0226-4fcf-802b-94a982c54121_6.jpg', 0)
INSERT [dbo].[ConferenceImages] ([Id], [FK_ConferenceId], [ImageUrl], [Active]) VALUES (17, 10, N'a59e881a-ad93-4949-b3fb-0f622044e24f_8.jpg', 0)
INSERT [dbo].[ConferenceImages] ([Id], [FK_ConferenceId], [ImageUrl], [Active]) VALUES (18, 10, N'b3e3b8be-59f4-4e79-afe7-24083f8f5a6c_4.jpg', 0)
INSERT [dbo].[ConferenceImages] ([Id], [FK_ConferenceId], [ImageUrl], [Active]) VALUES (21, 12, N'a3c758b5-888d-460d-8a90-35cf169924da_2.jpg', 0)
INSERT [dbo].[ConferenceImages] ([Id], [FK_ConferenceId], [ImageUrl], [Active]) VALUES (31, 8, N'ff5c2f45-2d5b-4b89-8b11-f97f4393109d_Registered-Nurse.jpg', 0)
INSERT [dbo].[ConferenceImages] ([Id], [FK_ConferenceId], [ImageUrl], [Active]) VALUES (32, 8, N'fea1dd67-88f1-45d9-a835-edb72b563be6_Thank-you-Nurse.jpg', 0)
INSERT [dbo].[ConferenceImages] ([Id], [FK_ConferenceId], [ImageUrl], [Active]) VALUES (40, 11, N'1ed8b2a9-304c-4d63-bb70-de8e429e152c_Virus_Cells_Large.jpg', 0)
INSERT [dbo].[ConferenceImages] ([Id], [FK_ConferenceId], [ImageUrl], [Active]) VALUES (41, 11, N'bc70ddbb-8992-4293-badb-4df2140b416f_nanotechnology-002.jpg', 0)
INSERT [dbo].[ConferenceImages] ([Id], [FK_ConferenceId], [ImageUrl], [Active]) VALUES (42, 11, N'9fba04f4-dda7-4685-bf69-47f57a436102_Forensics_4Nov14.jpg', 0)
INSERT [dbo].[ConferenceImages] ([Id], [FK_ConferenceId], [ImageUrl], [Active]) VALUES (44, 13, N'edb682be-0ef4-4812-952b-d05159d86b2e_ag_infrastructure.jpg', 0)
INSERT [dbo].[ConferenceImages] ([Id], [FK_ConferenceId], [ImageUrl], [Active]) VALUES (46, 13, N'47bf389c-a0a7-491b-b6c0-98a6943af61d_Smart-City-Interchange.jpg', 0)
INSERT [dbo].[ConferenceImages] ([Id], [FK_ConferenceId], [ImageUrl], [Active]) VALUES (47, 13, N'1bdf98f1-bb9a-442a-88b0-368468fb6042_1.jpg', 0)
INSERT [dbo].[ConferenceImages] ([Id], [FK_ConferenceId], [ImageUrl], [Active]) VALUES (50, 13, N'30419e57-fc4d-4d84-9259-7ea7ec69807b_2.jpg', 0)
INSERT [dbo].[ConferenceImages] ([Id], [FK_ConferenceId], [ImageUrl], [Active]) VALUES (51, 11, N'0e766ebd-a002-4f46-8b57-e9245a45f4cf_p6uzo6S.jpg', 0)
SET IDENTITY_INSERT [dbo].[ConferenceImages] OFF
SET IDENTITY_INSERT [dbo].[Program] ON 

INSERT [dbo].[Program] ([Id], [Name], [Info], [Title], [ImageUrl], [Abstract], [FK_ConferenceId], [ProgramDt], [isPoster]) VALUES (1, N'Myung-Gyun Kang', N'Korea Institute of Toxicology, Korea', N'Discovery of Phytochemicals to Inhibit 5a-Reductase Activity through Docking Simulation', NULL, N'This study discovered some phytochemicals from herb mixture that are predicted to inhibit 5-a reductase for male pattern hair loss using target-based docking simulation. To study inhibitory activity of herb mixture extract against 5-a reductase, 20% of the extract was treated to human follicular dermal papilla cells that had been pre-treated with dihydrotestosterone(DHT) and the protein expression levels of 5-a reductase II were examined. As a positive control, 200 nM of Finasteride was used. From western blot analysis, it was found that 5-a reductase II expression was decreased significantly at 20% herb mixture extract and this reduction was more considerable than the case of Finasteride or negative control. And hair re-growth in vivo mouse study also showed that the herb extract promoted the hair growth and increased the number and the size of hair follicles. Docking simulation on some major constituents in herb mixture using Autodock Vina(version 4.1) showed the binding affinity of Lignan from Piperitol was -8.9 kcal/mol and Hispidol from Black Soybean was -8.3 kcal/mol. However their binding affinities were weaker than binding affinity of Finasteride because it was -9.5 kcal/mol although X-ray crystal structure of 5-ß reductase was implemented due to the absence of crystal structure for 5-a reductase II. Nevertheless our study suggests that they could be good candidates for treatment of male scalp hair loss because they would be more safer than Finasteride in toxicity aspect in spite of inhibitory activities', 8, CAST(N'2017-06-27T00:00:00.000' AS DateTime), 1)
SET IDENTITY_INSERT [dbo].[Program] OFF
